-- phpMyAdmin SQL Dump
-- version 4.9.0.1
-- https://www.phpmyadmin.net/
--
-- Gép: 127.0.0.1
-- Létrehozás ideje: 2024. Jan 16. 18:58
-- Kiszolgáló verziója: 10.4.6-MariaDB
-- PHP verzió: 7.3.8

SET SQL_MODE = "NO_AUTO_VALUE_ON_ZERO";
SET AUTOCOMMIT = 0;
START TRANSACTION;
SET time_zone = "+00:00";


/*!40101 SET @OLD_CHARACTER_SET_CLIENT=@@CHARACTER_SET_CLIENT */;
/*!40101 SET @OLD_CHARACTER_SET_RESULTS=@@CHARACTER_SET_RESULTS */;
/*!40101 SET @OLD_COLLATION_CONNECTION=@@COLLATION_CONNECTION */;
/*!40101 SET NAMES utf8mb4 */;

--
-- Adatbázis: `ecogourme`
--

DELIMITER $$
--
-- Függvények
--
CREATE DEFINER=`root`@`localhost` FUNCTION `BASE64_ENCODE` (`textIn` LONGBLOB) RETURNS LONGTEXT CHARSET utf8mb4 NO SQL
BEGIN
/*
	Convert blob to base64 text, remove start, end spaces,
	newline, carriage return, and tab characters from text 
*/
DECLARE textOut LONGTEXT CHARSET utf8mb4 DEFAULT '';
IF (textIn IS NOT NULL) THEN
	SET textOut = TO_BASE64(textIn);
    SET textOut = TRIM(textOut);
    IF (LENGTH(textOut) > 0) THEN
    	SET textOut = REPLACE(textOut,"\n","");
    	SET textOut = REPLACE(textOut,"\r","");
    	SET textOut = REPLACE(textOut,"\t","");
    END IF;
END IF;
RETURN textOut;
END$$

DELIMITER ;

-- --------------------------------------------------------

--
-- Tábla szerkezet ehhez a táblához `aboutus_text`
--

CREATE TABLE `aboutus_text` (
  `id` int(11) NOT NULL,
  `title` varchar(255) NOT NULL,
  `description` text NOT NULL,
  `image` varchar(255) NOT NULL
) ENGINE=InnoDB DEFAULT CHARSET=utf8mb4;

--
-- A tábla adatainak kiíratása `aboutus_text`
--

INSERT INTO `aboutus_text` (`id`, `title`, `description`, `image`) VALUES
(1, 'about_title_1', 'about_text_1', './media/image/ffood1.jpeg'),
(2, 'about_title_2', 'about_text_2', './media/image/tree1.jpeg'),
(3, 'about_title_3', 'about_text_3', './media/image/enjoy1.jpeg');

-- --------------------------------------------------------

--
-- Tábla szerkezet ehhez a táblához `ecogourmet_services`
--

CREATE TABLE `ecogourmet_services` (
  `id` int(11) NOT NULL,
  `title` varchar(255) NOT NULL,
  `description` text DEFAULT NULL
) ENGINE=InnoDB DEFAULT CHARSET=utf8mb4;

--
-- A tábla adatainak kiíratása `ecogourmet_services`
--

INSERT INTO `ecogourmet_services` (`id`, `title`, `description`) VALUES
(1, 'Innovatív Ételtervezés, Gondtalan Konyhai Élmény', 'Felejtse el a konyhai aggodalmakat és hagyja, hogy az EcoGourmet innovatív ételtervezése megkönnyítse az egészséges és kiegyensúlyozott étkezést. Szakácsaink minden nap friss és ízletes ételeket készítenek, így Önnek csupán az étel élvezetére kell összpontosítania.'),
(2, 'Napi Menük: Egyszerű Döntések, Kiemelkedő Ízek', 'Válassza napi menüinket, ahol minden ételhez részletes leírás társul, hogy egyszerű döntésekkel és garantáltan ízletes fogásokkal tegyük teljessé mindennapi étkezéseit. Az EcoGourmetnél az ételválasztás egyszerű és élvezetes élmény.'),
(3, 'Kulináris Élmények Kalóriák Nélkül', 'Az EcoGourmet konyhájában minden receptet úgy alkottunk meg, hogy garantálja az ízletes kulináris élményt anélkül, hogy aggódna a fölösleges kalóriák miatt. Egészséges és finom ételeinkkel biztos lehet benne, hogy élvezetes étkezésekkel díszítjük mindennapjait.'),
(4, 'EcoGourmet: Tudatos Konyha, Fenntartható Ízek', 'Az EcoGourmet nem pusztán ételszolgáltató, hanem egy tudatos konyha, ahol az ízek mellett a fenntarthatóság is főszerepet kap. Környezetbarát alapanyagaink és a fenntartható étkezési megoldásaink révén arra törekszünk, hogy az ételeink ne csak finomak, hanem környezetbarátok is legyenek, mert hisszük, hogy a jó ízeknek és a felelős étkezésnek nem kell ellentmondaniuk.');

-- --------------------------------------------------------

--
-- Tábla szerkezet ehhez a táblához `eco_gourmet_awards_achievements`
--

CREATE TABLE `eco_gourmet_awards_achievements` (
  `id` int(11) NOT NULL,
  `title` varchar(255) NOT NULL,
  `description` text DEFAULT NULL,
  `date` date DEFAULT NULL
) ENGINE=InnoDB DEFAULT CHARSET=utf8mb4;

--
-- A tábla adatainak kiíratása `eco_gourmet_awards_achievements`
--

INSERT INTO `eco_gourmet_awards_achievements` (`id`, `title`, `description`, `date`) VALUES
(1, 'award_title_1', 'award_text_1', '2022-01-15'),
(2, 'award_title_2', 'award_text_2', '2022-03-10'),
(3, 'award_title_3', 'award_text_3', '2022-06-20'),
(4, 'award_title_4', 'award_text_4', '2022-08-05'),
(5, 'award_title_5', 'award_text_5', '2022-10-15');

-- --------------------------------------------------------

--
-- Tábla szerkezet ehhez a táblához `faqs`
--

CREATE TABLE `faqs` (
  `id` int(11) NOT NULL,
  `question` varchar(255) NOT NULL,
  `answer` text NOT NULL
) ENGINE=InnoDB DEFAULT CHARSET=utf8mb4;

--
-- A tábla adatainak kiíratása `faqs`
--

INSERT INTO `faqs` (`id`, `question`, `answer`) VALUES
(2, 'faq_q2', 'faq_a2'),
(3, 'faq_q3', 'faq_a3'),
(4, 'faq_q4', 'faq_a4'),
(5, 'faq_q5', 'faq_a5'),
(6, 'faq_q6', 'faq_a6');

-- --------------------------------------------------------

--
-- Tábla szerkezet ehhez a táblához `recipes`
--

CREATE TABLE `recipes` (
  `id` int(11) NOT NULL,
  `nev` varchar(255) NOT NULL,
  `kategoria` varchar(50) NOT NULL,
  `leiras` text DEFAULT NULL,
  `hozzavalok` varchar(250) NOT NULL,
  `elkeszites` text DEFAULT NULL,
  `fozesi_ido` int(11) DEFAULT NULL,
  `kep` varchar(255) NOT NULL
) ENGINE=InnoDB DEFAULT CHARSET=utf8mb4;

--
-- A tábla adatainak kiíratása `recipes`
--

INSERT INTO `recipes` (`id`, `nev`, `kategoria`, `leiras`, `hozzavalok`, `elkeszites`, `fozesi_ido`, `kep`) VALUES
(1, 'recipe_nev_1', 'recipe_kategoria_1', 'recipe_leiras_1', 'recipe_hozza_1', 'recipe_elkeszites_1', 10, './media/image/recipes/egg.jpg'),
(2, 'recipe_nev_2', 'recipe_kategoria_1', 'recipe_leiras_2', 'recipe_hozza_2', 'recipe_elkeszites_2', 15, './media/image/recipes/oatmeal.jpg'),
(3, 'recipe_nev_3', 'recipe_kategoria_1', 'recipe_leiras_3', 'recipe_hozza_3', 'recipe_elkeszites_3', 5, './media/image/recipes/yoghurt.jpg'),
(4, 'recipe_nev_4', 'recipe_kategoria_2', 'recipe_leiras_4', 'recipe_hozza_4', 'recipe_elkeszites_4', 30, './media/image/recipes/chicken.jpg'),
(5, 'recipe_nev_5', 'recipe_kategoria_2', 'recipe_leiras_5', 'recipe_hozza_5', 'recipe_elkeszites_5', 40, './media/image/recipes/lentil.jpg'),
(6, 'recipe_nev_6', 'recipe_kategoria_2', 'recipe_leiras_6', 'recipe_hozza_6', 'recipe_elkeszites_6', 25, './media/image/recipes/salmon.jpg'),
(7, 'recipe_nev_7', 'recipe_kategoria_3', 'recipe_leiras_7', 'recipe_hozza_7', 'recipe_elkeszites_7', 45, './media/image/recipes/cannelloni.jpeg'),
(8, 'recipe_nev_8', 'recipe_kategoria_3', 'recipe_leiras_8', 'recipe_hozza_8', 'recipe_elkeszites_8', 35, './media/image/recipes/eggplant.jpg'),
(9, 'recipe_nev_9', 'recipe_kategoria_3', 'recipe_leiras_9', 'recipe_hozza_9', 'recipe_elkeszites_9', 60, './media/image/recipes/beef.jpg');

-- --------------------------------------------------------

--
-- Tábla szerkezet ehhez a táblához `subscription_plans`
--

CREATE TABLE `subscription_plans` (
  `termek_id` int(11) NOT NULL,
  `nev` varchar(255) NOT NULL,
  `description` text DEFAULT NULL,
  `duration` int(11) DEFAULT NULL,
  `ar_forint` int(11) NOT NULL
) ENGINE=InnoDB DEFAULT CHARSET=utf8mb4;

--
-- A tábla adatainak kiíratása `subscription_plans`
--

INSERT INTO `subscription_plans` (`termek_id`, `nev`, `description`, `duration`, `ar_forint`) VALUES
(1, 'Simple', 'plan_desc_1', 2, 5000),
(2, 'Pro', 'plan_desc_2', 3, 9000),
(3, 'Enterprise', 'plan_desc_3', 6, 18000);

-- --------------------------------------------------------

--
-- Tábla szerkezet ehhez a táblához `termek`
--

CREATE TABLE `termek` (
  `termek_id` int(11) NOT NULL,
  `nev` varchar(255) NOT NULL,
  `kategoria` varchar(50) NOT NULL,
  `leiras` text NOT NULL,
  `ar_forint` int(11) NOT NULL,
  `kep_eleresi_ut` varchar(255) DEFAULT NULL
) ENGINE=InnoDB DEFAULT CHARSET=utf8mb4;

--
-- A tábla adatainak kiíratása `termek`
--

INSERT INTO `termek` (`termek_id`, `nev`, `kategoria`, `leiras`, `ar_forint`, `kep_eleresi_ut`) VALUES
(1, 'prod_nev_1', 'prod_kategoria_1', 'prod_leiras_1', 8000, './media/image/termek/0.jpeg\n'),
(2, 'prod_nev_2', 'prod_kategoria_1', 'prod_leiras_2', 10000, './media/image/termek/1.jpeg\n'),
(3, 'prod_nev_3', 'prod_kategoria_1', 'prod_leiras_3', 12000, './media/image/termek/2.jpeg\n'),
(4, 'prod_nev_4', 'prod_kategoria_1', 'prod_leiras_4', 15000, './media/image/termek/3.jpeg\n'),
(5, 'prod_nev_5', 'prod_kategoria_2', 'prod_leiras_5', 12000, './media/image/termek/9.jpeg\n'),
(6, 'prod_nev_6', 'prod_kategoria_2', 'prod_leiras_6', 15000, './media/image/termek/10.jpeg\n'),
(7, 'prod_nev_7', 'prod_kategoria_2', 'prod_leiras_7', 13000, './media/image/termek/11.jpeg\n'),
(8, 'prod_nev_8', 'prod_kategoria_2', 'prod_leiras_8', 12000, './media/image/termek/12.jpeg\n'),
(9, 'prod_nev_9', 'prod_kategoria_3', 'prod_leiras_9', 15000, './media/image/termek/13.jpeg\n'),
(10, 'prod_nev_10', 'prod_kategoria_3', 'prod_leiras_10', 13000, './media/image/termek/14.jpeg\n'),
(11, 'prod_nev_11', 'prod_kategoria_3', 'prod_leiras_11', 18000, './media/image/termek/15.jpeg\n'),
(12, 'prod_nev_12', 'prod_kategoria_3', 'prod_leiras_12', 16000, './media/image/termek/18.jpeg\n');

-- --------------------------------------------------------

--
-- Tábla szerkezet ehhez a táblához `testimonials`
--

CREATE TABLE `testimonials` (
  `id` int(11) NOT NULL,
  `name` varchar(255) NOT NULL,
  `description` text NOT NULL,
  `kep_url` varchar(255) NOT NULL
) ENGINE=InnoDB DEFAULT CHARSET=utf8mb4;

--
-- A tábla adatainak kiíratása `testimonials`
--

INSERT INTO `testimonials` (`id`, `name`, `description`, `kep_url`) VALUES
(1, 'Zsófia', 'testimonial_desc_1', './media/image/zsofia.jpeg'),
(2, 'Péter', 'testimonial_desc_2', './media/image/peter.jpeg'),
(3, 'Anna', 'testimonial_desc_3', './media/image/anna.jpeg'),
(5, 'Klára', 'testimonial_desc_5', './media/image/klara.jpeg'),
(6, 'Tamás', 'testimonial_desc_6', './media/image/tamas.jpeg');

-- --------------------------------------------------------

--
-- Tábla szerkezet ehhez a táblához `type`
--

CREATE TABLE `type` (
  `id` char(1) NOT NULL,
  `type` varchar(10) NOT NULL,
  `name` varchar(30) NOT NULL
) ENGINE=InnoDB DEFAULT CHARSET=utf8mb4;

--
-- A tábla adatainak kiíratása `type`
--

INSERT INTO `type` (`id`, `type`, `name`) VALUES
('F', 'GENDER', 'female'),
('M', 'GENDER', 'male'),
('A', 'USER', 'administrator'),
('G', 'USER', 'guest'),
('N', 'USER', 'not_verified'),
('U', 'USER', 'user');

-- --------------------------------------------------------

--
-- Tábla szerkezet ehhez a táblához `user`
--

CREATE TABLE `user` (
  `id` int(10) UNSIGNED NOT NULL,
  `type` char(1) NOT NULL DEFAULT 'G',
  `prefix_name` varchar(20) DEFAULT NULL,
  `first_name` varchar(50) NOT NULL,
  `middle_name` varchar(50) DEFAULT NULL,
  `last_name` varchar(50) NOT NULL,
  `suffix_name` varchar(20) DEFAULT NULL,
  `nick_name` varchar(50) DEFAULT NULL,
  `born` date NOT NULL,
  `gender` char(1) NOT NULL,
  `img` blob DEFAULT NULL,
  `img_type` varchar(100) DEFAULT NULL,
  `country` varchar(50) DEFAULT NULL,
  `country_code` varchar(10) DEFAULT NULL,
  `phone` varchar(20) DEFAULT NULL,
  `city` varchar(50) DEFAULT NULL,
  `postcode` varchar(20) DEFAULT NULL,
  `address` varchar(200) DEFAULT NULL,
  `email` varchar(50) NOT NULL,
  `password` varchar(255) NOT NULL,
  `created` datetime DEFAULT NULL,
  `email_verification_code` varchar(32) DEFAULT NULL,
  `email_confirmed` datetime DEFAULT NULL,
  `modified` datetime DEFAULT NULL,
  `last_login` datetime DEFAULT NULL,
  `wrong_attempts` tinyint(1) UNSIGNED NOT NULL DEFAULT 0,
  `valid` tinyint(1) UNSIGNED NOT NULL DEFAULT 1,
  `type_old` char(1) DEFAULT NULL
) ENGINE=InnoDB DEFAULT CHARSET=utf8mb4;

--
-- A tábla adatainak kiíratása `user`
--

INSERT INTO `user` (`id`, `type`, `prefix_name`, `first_name`, `middle_name`, `last_name`, `suffix_name`, `nick_name`, `born`, `gender`, `img`, `img_type`, `country`, `country_code`, `phone`, `city`, `postcode`, `address`, `email`, `password`, `created`, `email_verification_code`, `email_confirmed`, `modified`, `last_login`, `wrong_attempts`, `valid`, `type_old`) VALUES
(1, 'N', NULL, 'Attila', NULL, 'Ódry', NULL, NULL, '1964-03-08', 'M', 0xffd8ffe000104a46494600010101004800480000ffed002c50686f746f73686f7020332e30003842494d040400000000000f1c0250000a50696361736120332e3000ffe1339245786966000049492a00080000000b000f0102000a0000009200000010010200080000009c0000001201030001000000010000001a01050001000000a40000001b01050001000000ac000000280103000100000002000000310102000b000000b40000003201020014000000c00000001302030001000000020000006987040001000000a4010000a5c40700d0000000d40000004a1a000050616e61736f6e696300444d432d465a35004800000001000000480000000100000050696361736120332e300000323030353a30373a30332031363a34343a3138005072696e74494d003032353000000e000100160016000200000000000300640000000700000000000800000000000900000000000a00000000000b00ac0000000c00000000000d00000000000e00c400000000010500000001010100000010018000000009110000102700000b0f0000102700009705000010270000b008000010270000011c0000102700005e020000102700008b00000010270000cb03000010270000e51b00001027000000000000000000000000000000000000000000000000000000000000000000000000000023009a820500010000004e0300009d820500010000005603000022880300010000000200000027880300010000005000000000900700040000003032323003900200140000005e03000004900200140000007203000001910700040000000102030002910500010000008603000004920a00010000008e0300000592050001000000960300000792030001000000050000000892030001000000090000000992030001000000100000000a920500010000009e0300007c9207005c160000a603000000a00700040000003031303001a0030001000000ffff000002a00400010000004006000003a0040001000000b004000005a00400010000002c1a000017a20300010000000200000000a30700010000000300000001a30700010000000100000001a40300010000000000000002a40300010000000000000003a40300010000000100000004a4050001000000021a000005a4030001000000be00000006a40300010000000000000007a40300010000000000000008a40300010000000000000009a4030001000000020000000aa40300010000000200000020a40200210000000a1a0000000000000a000000e8030000210000000a000000323030353a30373a30332031363a34343a313800323030353a30373a30332031363a34343a313800040000000100000000000000640000001e0000000a0000003c0100000a00000050616e61736f6e69630000001b000100030001000000020000000200070004000000000100050300030001000000020000000700030001000000050000000f00010002000000101000001a00030001000000040000001c00030001000000020000001f000300010000000600000020000300010000000200000021000700fa140000ea0400002200030001000000000000002300030001000000000000002400030001000000000000002500070010000000e419000026000700040000003031303027000300010000000000000028000300010000000100000029000400010000003fef00002a00030001000000000000002b00040001000000000000002c00030001000000000000002d00030001000000000000002e00030001000000010000002f00030001000000010000003000030001000000010000003100030001000000020000003200030001000000020000004456010245500000f03f4442b003f03f41469200604720a06247100164471000664700004e47240072470400744700007a47edff7c4700007e4700004047c705424736284c47520a5c47920176474000784700005247d80056473c005447c8006c472c01704732006e47960058475e009e47dc009c47bc028c4700008e4701008a4736289047010092470000944700009647000098474e199a474e19de463811f03f53544600a4460000a6460000a8460000aa460000ac460000ae460000b0460000b6460000b8460000ba460000f4470000f6470000b2460000b4460000b0440000b2440000f03f4145de003c45740014453601ea463601ec462b012845ab002c45c6002445680510454f05124589052045d101364533022245d0013a4501003b4501002645d5002a450b00c0460000c2460000c8597003c659c6012e4500003045000032450000404500004145000042450000ce590000d0590000d2590000434500003e4500001c45440044453300224a4101c0590000c1591100e8466835cc460000d4460008ce460000d0460000d646000050580000da460000c55900004a4501024c4500004e450000ef460100d4591700d6598d5bd8598a2fda59d815dc590002f03f57420e010044a30102448e015c44110104440c010644d50060444f051a44ffff5e4400005f4400001244ffff1444ffff1644ffff1844ffffcc440301ce440102d0446e01d2445201dc44bc01de444001b4440000b64400003044730038449600324478003a448c003444f0ff3c44180036442a003e4470004c44ffff4e44ffffc044ffffc244ffffea440000804535008245770083456500844500008645000087450000884500008a4500008b4500008c4504008e458c008f4570009045000092450000934500005244bd005444b2005644bd005844b200d4449600d6449900d8447a00da446d00d45d00000058c8000258c1020458450006580f003658c0003858e1023a5844003c580b00f03f5943be00a0450501a2453c50a445000aa6458296a84505fbaa45e319ac45da26ae4505fbb0450000b2450e0eb445ebebb6450500b8453c50ba45000abc458296be45817fc0450019c245e719c445817fc6450000c845000eca45f2f2cc4564006045030062450100644504006645070068450f006a450f006c450c006e450c0070450c0072450c0074450c0076451400784514007a4514007c451400d0450000d2450800d4450800d6450800f0450303f2450303f4450300ce450000f03f434d0a00fc4505f0f03f49531e00944649039646b1039846e5039a46c60360461a026246f001000000000000000000000000000000000000000000000000000000000000000000000000000000000000000000000000000000000000000000000000000000000000000000000000000000000000000000000000000000000000000000000000000000000000000000000000000000000000000000000000000000000000000000000000000000000000000000000000000000000000000000000000000000000000000000000000000000004145424dc000b500ae00b100d700b0005001b2022f021c077d06cb00cb00cf00c200cc00da00c90044019e02f001ad01c202d000d800e1000201e800d700cf007101bd02b101c301fa05c100e200f700e900f400e600ca00e701570264012a01ae04d000eb00f60032010501cf00b2006502bd02ea015201bc05b700f700f40015014301e700b30095016e02780122014f03c7000001fc0017014e010901c3004f015402ca0125013f028e01150117011f01f7000c01c40040031a029001f6021d0b2c0b21010f0143011e0162021c039c03210291019b048d07f60719011e012e029d019a04ef033f037a02d401d204cb073b051501da01dd016201a2033e036102d70156026f075a07c7041901a001be017d01e1013d02c701d60127055309c908c30450525354000000000000000000000000000000000000000000000000000000000000000000000000000000000000000000000000000000000000000000000000000000000000000000000000000000000000000000000000000000000000000000000000000000000000000000000000000000000000000000000000000000000000000000000000000000000000000000000000000000000000000000000000000000000000000000000000000000000000000000000000000000000000000000000000000000000000000000000000000000000000000000000000000000000000000000000000000000000000000000000000000000000000000000000000000000000000000000000000000000000000000000000000000000000000000000000000000000000000000000000000000000000000000000000000000000000000000000000000000000000000000000000000000000000000000000000000000000000000000000000000000000000000000000000000000000000000000000000000000000000000000000000000000000000000000000000000000000000000000000000000000000000000000000000000000000000000000000000000000000000000000000000000000000000000000000000000000000000000000000000000000000000000000000000000000000000000000000000000000000000000000000000000000000000000000000000000000000000000000000000000000000000000000000000000000000000000000000000000000000000000000000000000000000000000000000000000000000000000000000000000000000000000000000000000000000000000000000000000000000000000000000000000000000000000000000000000000000000000000000000000000000000000000000000000000000000000000000000000000000000000000000000000000000004643435608000100362836283b2800000000000000000000000000000000e029e2240000000000000000000000000000000000000000000000000000c0293301ce022c0007003800280022002c002600c504c80a3d0003001c00180018001f001d00d002290b030000000000000000000000000080293701e3022c0007003800280022002c0026004705d40b3d0003001c00180018001f001d00eb02740b03000000000000000000000000004029410154032c0007003800280022002c0026003006530e3d0003001c00180018001f001d00db021a0c030000000000000000000000000000297b0132042c0007003800280022002c0026008e0746113d0003001c00180018001f001d009702ad0c0300000000000000000000000000c028190294052c0007003800280022002c002600630960153d0003001c00180018001f001d008502530d030000000000000000000000000080287403480a2c0007003800280022002c002600f60b881b3d0003001c00180018001f001d00c5028d0d03000000000000000000000000004028c705690e2c0007003800280022002c002600dc0d3c1f3d0003001c00180018001f001d00ce02f50d030000000000000000000000000000281e058e0c2c0007003800280022002c002600330db51d3d0003001c00180018001f001d00c602570d0300000000000000000000000000cf20080119012e0003003c00210022002f0028009f0153021b0002002400170018001c001d000e028a0450000000000000000000000000004a253401ab02030004002f001f0020002b002800fd03a808010002001c00160017001c001c008e015507000000000000000000000000000000000000000000000000000000000000000000000000000000000000000000000000000000000000000000000000000000000000000000000000000000000000000000000000000000000000000000000000000000000000000000000000000000000000000000000000000000000000000000000000000000000000000000000000000000000000000000000000000000000000000000000000000000000000000000000000000000000000000000000000000000000000000000000000000000000000000000000000000000000000000000000000000000000000000000000000000000000000000000000000000000000000000000000000000000000000000000000000000000000000000000000000000000000000000000000000000000000000000000000000000000000000000000000000000000000000000000000000000000000000000000000000000000000000000000000000000000000000000000000000000000000000000000000000000000000000000000000000000000000000000000000000000000000000000000000000000000000000000000000000000000000000000000000000000000000000000000000000000000000000000000000000000000000000000000000000000000000000000000000000000000000000000000000000000000000000000000000000000000000000000000000000000000000000000000000000000000000000000000000000000000000000000000000000000000000000000000000000000000000000000000000000000000000000000000000000000000000000000000000000000000000000000000000000000000000000000000000000000000000000000000000000000000000000000000000000000000000000000000000000000000000000000000000000000000000000000000000000000000000000000000000000000000000000000000000000000000000000000000000000000000000000000000000000000000000000000000000000000000000000000000000000000000000000000000000000000000000000000000000000000000000000000000000000000000000000000000000000000000000000000000000000000000000000000000000000000000000000000000000000000000000000000000000000000000000000000000000000000000000000000000000000000000000000000000000000000000000000000000000000000000000000000000000000000000000000000000000000000000000000000000000000000000000000000000000000000000000000000000000000000000000000000000000000000000000000000000000000000000000000000000000000000000000000000000000000000000000000000000000000000000000000000000000000000000000000000000000000000000000000000000000000000000000000000000000000000000000000000000000000000000000000000000000000000000000000000000000000000000000000000000000000000000000000000000000000000000000000000000000000000000000000000000000000000000000000000000000000000000000000000000000000000000000000000000000000000000000000000000000000000000000000000000000000000000000000000000000000000000000000000000000000000000000000000000000000000000000000000000000000000000000000000000000000000000000000000000000000000000000000000000000000000000000000000000000000000000000000000000000000000000000000000000000000000000000000000000000000000000000000000000000000000000000000000000000000000000000000000000000000000000000000000000000000000000000000000000000000000000000000000000000000000000000000000000000000000000000000000000000000000000000000000000000000000000000000000000000000000000000000000000000000000000000000000000000000000000000000000000000000000000000000000000000000000000000000000000000000000000000000000000000000000000000000000000000000000000000000000000000000000000000000000000000000000000000000000000000000000000000000000000000000000000000000000000000000000000000000000000000000000000000000000000000000000000000000000000000000000000000000000000000000000000000000000000000000000000000000000000000000000000000000000000000000000000000000000000000000000000000000000000000000000000000000000000000000000000000000000000000000000000000000000000000000000000000000000000000000000000000000000000000000000000000000000000000000000000000000000000000000000000000000000000000000000000000000000000000000000000000000000000000000000000000000000000000000000000000000000000000000000000000000000000000000000000000000000000000000000000000000000000000000000000000000000000000000000000000000000000000000000000000000000000000000000000000000000000000000000000000000000000000000000000000000000000000000000000000000000000000000000000000000000000000000000000000000000000000000000000000000000000000000000000000000000000000000000000000000000000000000000000000000000000000000000000000000000000000000000000000000000000000000000000000000000000000000000000000000000000000000000000000000000000000000000000000000000000000000000000000000000000000000000000000000000000000000000000000000000000000000000000000000000000000000000000000000000000000000000000000000000000000000000000000000000000000000000000000000000000000000000000000000000000000000000000000000000000005742435a0008080800000009090e0000080800000000030a030e0a00080808080000030a0a0a0300080808080000040a0a0a04000808080800000a0a0a0a0a000808080800070a0a0a0a0a00080808080000040a0a0c0a00080808080000040a0a04040d0808080808000a0a0a0a040a080808080400000a000a0004080807080a00000000040a0008030a030300000004000404290000206c0300004b010000000020200040061007000100000000003086035400001100036100008c860354000000002900002000010000000000000000000000806f0e0400000001110105000000008c86035400000000170a00008007000000003000000000500050061011000300000a0000800700000100000001030000004806100700060005700000ec670254000000000700060005700000086802540000000007000600057000002468025400000000000000206c0300004b01000000000000000000009d01000166010f00000000306c0300004b01000000000000000000009d01000166010000000000206c0353303130353033313530323839000000000000000a0000003565623137393132303932353062636236633933623262663131323562353565000002000100020004000000523938000200070004000000303130300000000006000301030001000000060000001a01050001000000981a00001b01050001000000a01a00002801030001000000020000000102040001000000a81a00000202040001000000e21800000000000048000000010000004800000001000000ffd8ffe000104a46494600010100000100010000ffdb0043000503040404030504040405050506070c08070707070f0b0b090c110f1212110f111113161c1713141a1511111821181a1d1d1f1f1f13172224221e241c1e1f1effdb0043010505050706070e08080e1e1411141e1e1e1e1e1e1e1e1e1e1e1e1e1e1e1e1e1e1e1e1e1e1e1e1e1e1e1e1e1e1e1e1e1e1e1e1e1e1e1e1e1e1e1e1e1e1e1e1e1effc0001108007800a003012200021101031101ffc4001d000001040301010000000000000000000005030406070002080109ffc4003e10000201020404040502040307050000000102030411000512210631415107132261143271819123a10833d1f01542b1162434526272c1436392e1f1ffc4001c0100020301010101000000000000000000030402050607010008ffc40034110001040005010506040700000000000001000203110405122131411322517181066191a1b1f0142332d133427292c1e1f1ffda000c03010002110311003f00e55659a3568f50b13b91c8e14f33d2baae40dedd30f529c3380aa86c2e751b0c792c0d315d0a0ef6361cb14e2516aa859175b235c15c4143916649535d92d2e6719df44ac547d2e3a610ce736a3ce6bf30afab87e1ab25756a786963021551b58f5d87e4e04d647140cb1a58ba0f51bec4e18d5b3b29b103511c86f8f7f89d532d319669722152f1cd5d2bd3402088db4c7af515dbbe3754d10c8b246a5480564bdb49bf6eb8634922c710f57a8f53be08c5e4c950158dc3b02aa4ec3133a47a25a48cdd84eb22693e25c024ab2d8b0236fb75c29994c1018cfa945accd63ffe60966df15539acd549434348de5a422386301235516dadccf527ae0356fc2d217d644c4f3df6c57922493557a24a567e6d729bd554452b5c2b1636f574c373a678958ca612bbb5d7ae3d924a23483e1d5b5c86c431d9477c0e9e36f8901a4602c36bdf0dc6c1e4998a3f44f25ab0a9feeea1afb5dd2f6f7c2746ab22bbcd22c8c3d4bb5bd5f418da430c71f97336b2db2846dfdf164f831e12e71e20d621a15f81c9d5cad4d74a2fa76df4f2d4dec3975c4b60280e51e38750d2c1eaab2a6920aea811c94e7ccb808035f5609e5fc119e57d73c34592e68d344e4346d4cda948e608b73c768659e1ff00851c1f4b4f96d164396e695310b3d5d5c62491f45f5338623d21adf2db9fdf04384bc49c833be2baec8e95cc5223eaa75f48522c2e2fcadf7c15ddcfd255bc597802ecae25cf386b37ca66739965b5749a0597cd88a9bff7d70e32686a05220acd5129516246e7b5bbe3e92f0ecb356c72d1e6597d3228ba86401d1876606fcf153f8cbe046479af0ed7e61c2b973536730bf9894f0bfa25ee349ebdb9605361dce8fbbba4f11810e6e9695c5b992c70cac108908b1d371e8f73fd302a3a80c8646bf3f4e9172c7b9ec304f8932bcc72ecc2ab2eaaa59296a62629345302af19eb75ef81d4b1ac36d205a316008daf6e646031801bbf29030f663bcbd3a5a63a535b2f24b1d24fbdb98df0957ced27a4c4a897b12ab607dbdf0ba991a32d2cc162243311cedef86ccd1493a49fcd8efa40b5b4fbe08de7c945837f24e86a55b2ee70a13345676d2ba97936ff007f6c6c8bb90e74db1acdaa66bbb1636037fdb02bdd4048426acb772ccd738d25816e345f0f52167f4daff6c7b2c52472796632ac07238987ef414b593ba1c29d1234d4c43337aadd0615ab41153452401ac5b6d477b61cc32796c6378cba3fcca2dbfdf09b440c6c755ec765b625acdee89da5510516e1d964ac826926662b0ad813bd8e065614351a4a5d09f9b9e0a642ceb4353005f4b6e34817bff4c0daea4742ccf30d0bb907ae1665095c972f6ba624a66f48b35e68559816d902f6ff0041842a286ae590b6966d479e08e5f2490b46b19d6a459aeb6187c21f3dc2c67433b0d3637373dc618ed9cc28a677b5db237e127015366b9fad5671e62e574beaa8eee7984f6bf5f6c5e6de22e5b459a8ca2828a6a5a3a780f95f040290c07e9a8e805ec6c3b5ce2af93356a1a3a6c8e8d4a434f112ce14169643f33374ff00e86241e1de412543be67548c0ca7f4b56e48ea4e3c96531b75bcd95b1cab02e9088cf3d4a6bc5598e695130ac1595c0b8f5966f587eae4efb1f6fa609f02671c2944e90d6cc3e200d4d3c702a3a927b93dfb76c4c333caa14a322c09d361b62b9cdf2da2798acb0c64ef66d3637c0063357215f3b26156c72e8ce10f11f21a208ab9b3e60f295525a3f2ec40b124b1b7e316770b716651c4b43e7e5d242f3303646db511d2fd7ea31c1753148a160f364f256da5751b023adbe98b1b8378916928fe196abc892da55c1b6a006ca7f1865b8c0de156bf2873c9b3ba9d7f165c1b95f13e5d2717e591c9067f94058aae321419a026d76bf32bd2dd0e3916aa159a4749af1c8b7d7e93fd8c74de619a49c4917c1cd3bc5515d44692a4cac48937b00c7b6c3df96399f3292af2eafa9a5ada7829e48a56864d2a45dd4d89b75eb81bdc6476a1cacd66f83316970e50a9a9a9e99485924763b9f56d8c5d30c4cfea562ba94753bf7c3a9e68e1a75669023117da3048be06be9665924a8793503604f5ec30465b86eaa581ce1ba2a12ed737c398259215312e901b99d209fce3d0ba81daf6e7ed8f5caa9d3616b589ef858efc849b5c4709003d3653b7be32b1d9dc31f980dbe98557972fbe1f52d1528a492a245925949b2a8234f2d85bafe6c312144a9876c509552093c891b636835c6e241b11cae2fbe0a4b343574c2f49053cb4ec14ac3a08d047f9caee5efed6b1fcfb5bf0d2790b0d2ac0c82cc4124b1ee6f8f9e68d2f41adc15a4f513490c1234da0f26200e581d9b3c2d76560ca3b7f98e0a430c6d13b4c9e8e86f81d591c4ce8c41d05b7b2ef6c063d21c841d6fb2b4cbcc3243e73bbedb2803e5f6f7c3ec85bcdcf68fd2ca15ae180d8ec70d25585236d0ea483f28360b85f85e39aa38a68169558bf9ca00bd86fb73c105125c9ac20d53b4d750a6b0234d5091c90f31666b13763fddf16df09a20ca2106c741b0b72b0c5671b49519951e5eda9599f4edff2f56b8ef8b4269a3cab2d05633e8501100dcf60309e2652e01aba96570966a73b6ad92b9931914faac17be2bae2a57593cc06e30cb8c389b3c5ab6325750d3107d34c0dca9f7b0e7f5c47e973ccdab65114cd0c9b9161cf0563006a7ce2da6db453dd4f328f9858ee6f831c05c353f14713c5410e610527960b979f6536ff002dc77c46f3bcc1a8de4a76a62b2b05b03b5fbe257e06f1e643c2f9d9adce32dad9a62c02988215403ad89b938235a09dd273c843761babc38eb84e872cc87fc5a491d2b236460b6055dedfb8dbef8e49f132a165f1233b9e10aa3ce059580ba31552c3e809231d9be3567d439f786394e75c391b54c1356c24aa822cac48dedcacdfbe38bb88552b388f37aa7d316aad94316176203585ba74186081183d42c866f317401cf1bda8e54c0149919b533358dc836fe984e081048ababd600258ef63ed85675890b69669013d4723ef84daca91b070ae7901f330f7c15a4d72b3ed274d237a363a982ef6b0c7a230edcaf85268d1df51254df60391c6de5aeda6e1adf3601a41291205f2bd8d230d63f369dbb61c0559692ae0561ade12ca3b15b1db0d95b4b152df8c2d4532256c2a46c5b4b13d01d8fec7117815b2f872a3a256a2cd927e51cea0b0f63cff007c1b24900b5c1bf3be17c9b2ea7a9cc2a6926a54a89e38a68e04905c09362a6dd4f3b61f712d3c222a7ac8269199d3c9aa8e4043c532000a9bf5b5b1395cd7a7678b542260862b3429a810e587a7adbfa607d4cb5724365d40dfd4ca373ec30e5d0b53c9690dc8efd3db0d996b62a523cc3e52ec82fb027006d137d520ca26d214a2a556f510931b5ce8602f7236be0c7024f33f16d2058f427aed6e41846d6b7df11c8be20334aeecc05cfa8f5c2b9755cd495d1d64121f329e447404ec483865d1d82ae7052f63335e4020107e0574347431556674b514b0ef96f9504adb7af6dec3db6fce2559a53f9f48555ca1e8c302b83335c9388327ff0017c9ec8cfb55c5d525eba877ec791183b248b1c68cdbefcad8cfbc96bc03d175dd51c87b48f70edd557c614229635a739640d7258c8874b13dcf73813c2bc332e6398bd4799e58521c8bea27ef89378815e1a7d2c2cc792f5fa606f09d553d09966aa5a860c548309f940bdee3ae2c1a4e9d909f1c61e35219e2fd128969e48d7ff49771cf96f884d3d3d2ba85314de6dadaaf6c583c795d4598ff00be47551081c0d0756c6dd3119c9218d996742b2bc2e1ecc3e600dec704649a5b568388c387c974ba8382328cf320fe1c2ae9b3b68a44960351488b7d71dfd6164fb80db7738e39cdf319aa6be477670ceccf20d23724dcfdb1d8bc5bc5b4b9e7f0f19c7164c0c2f252454622522c9577789885245ff4d976c718660ba9d95604326cda89b597b900f6c38434e9f0a583cd46a796bb9b37f24d29d1b599591b97a474dfdbff00386d2413c92aea558f41b805b7270ebe1bf5352cde6321bd88b0fec6358d42d46a924d6f6be945be0c1d4490aa771641528f20075df90df6eb8c9625b0506d6f987b6153196b8120b0efcce129a39906ca0f738013bf0aa0a4c15d61b49b5ad854aafcda77e78c82362a5ad61cf7c7afabcc1af99e56e981ee297892cea9da5aaa89827e8d453ac858f206d7fdfd5f8c6fc052499e662d9056554625ad5094724e06d3aff2d4b1dc06dd6fee3043398647d14c87e5a387ce1d2e6e74edec7f7c42aa55e376283cb747b6817b8fbff7cf0e362021612df1dfd51fb5777a3d4a519ae535996e63350e654b2d2d553b94960954aba30e608c6b252c722092c0851cadcfbe09ff00b692f1364f1659c4de7d566d4a00a1cc5ac5ca003f4a427761b6c772303669240aea55b4203b8161f5c218866870d2501eda36100cca311b96421231f96c2159a5a9639bcad019c5906d7187b5669da58f633b5f7b1b0030de52eec88a6c435eca36186184d04f45600b533f08ea26838e32ea7a390c51c9ad658c37ccba49b1efbe2f8aca85f8657bfca37fa6287f07e0a8a9f10a8668e927229d647919509541a48bb11cae7be2e4ccdfca9ca1fe536c476c54639bf9a3c9742f65b5370a75789fa0508e2aa5ab9b3c79a1459cb8ba863b000ef8d2aa0a9a3a45924a045655dd55eff707ae24f78a9f52c8baae763d6d8099d5505a4963f3e4006cba7078ae82bc7767ac92ab9cea58750534aea3513b0e5875c3dfcc4962475001b86e64613cc25aa56bc9ea527627738917863c3b9a71467d4f946514e65a8a83d7608839b13d063ec43f4b38518cb0bc6f4b389f34693c3ba3c89a560c99b4b5891df6d3e50426dd773fb1c5795b233aa47e5a225c6a7d36b91dce3a2b33fe1c7c45cc73ca877932986245f2e01f17e928395bd3cef726fd4e06cdfc2bf88b3be93519246b7beb3564fed6c1b0da88008e36f2589ccc89f14f91a451e3f7542d42f970078bb066006c37b0be06c4eab1b4eed2297ba22a7338bf33bfe197c4bcba27305150e6c1c007e1eb1757e1ad8a6f89326cc722cdeb325cde8e5a1aaa126396271631b0dedb77b8dfdf0db0d582122e80e8a0a42558aecbf7c6813d5ac9b80361df0bab6a8f5efb0fdf1e6a76bb6a5048dbdb1022f759be527787483e6693ced84e6116dbea602f738da553a94484589bed841d9411a6fbedcb017bc9154a04adf8ba6a9a4ccab3cb0556a5e1905c6da020b58fe30cb36197d4e6ab2a094c6c16e485527ec2ff00f9c4aeb68c677c2ab502c65a688c721ffb4d87ec571079a3994952ac597b0df1386591f16827608c482f2eafbe52d9ee571e599852bd333c91ce8af19eb726c4587337ff005c14e22a27cbaaea296a9ad3ad83057d43700f4d89dedf9c3fe1fcbeaf36ada2631dd32e8259f71b87b7a6ff004201c1ee36e19a8aca4c8abf2ba4a8a9aaad89e96a62894b93321dad6e43411f8380492b4e9b3bab0386eda32f8b7dc57dfaaaceedad69a956c5b7248f5018779264b9ef12672329e1dc9eab31a96b9f2a08cb123bb1e407b9c5a5c2be118a545ace2ead10dc7fc1d2bde4fa3b8d97ed738b37208f2cc9a89a1e1fcbe1a042c368c6ee47566e6df73843119dc309ee0d47e5f15aecb3d92c562409261a5befe4acc861a2e09e09a2e0ea3658a7ac41535ba47aa7956e1cbb7501b603fe9bfd6379f4deb2b6ebb60a67534355a24a947bc6c5e3913e785cf3fa83617079d872c00cc23926378a78a63dafa1bf07fae01063e3c4b5a5c69c05107c7fdadc37289308c2d6b2dbd08fbe88056573ac852e7d8f3c09a9a89247d2cca3bdcdb052b68eb158b7c24e4f709a87e45c604b52b54c8eb2452a301c8c64619d0eaee948ea01ddf0909a08a44f5bc4001b1be3a13f85fa0a5cb32e8ebda91e392beac08a73b168d36b0f62c4ff00f1c509c3dc3d3e699dc7428d1c1e69b19aa1c471c63ab127b0ed8e9fe18a8cb29330e13e1aca2a9ab92851626a9d1a55d99b51d23fe5d8db15999588ab56f6da1e3b8e9e5d54f10ded62735acda8d9f00013cf1cd2b2b3fe22a3a2cc6582590c0d4f60cefb2efbec70df84b89a2cea69e22ca195caa80c0dc0c42fc67a369b34aeaaacff00878290490ac64aea6b5816effd3118f08e63fed15144b3793f104aeab5cea02e00fc610398cd1e64fb7580f22be9f25590643879b2a38969ef017e5b5956578bf98cf93f08cf5304ed14cf3471c4473049dff6c433c4ef0b725f18fc3ca3cea9561a3e254a5062aaf944c5458c5291cc5c6c798fa607f8e9c40731cbb27a4591588a99ccfa4db4bc4745987d49c1bf036be4ccb85ab725f8a78bc8a856bafcde53ee40ed722df7c5bc598b5b8d73982c11c7bf91e4bc7e4ce8b246624ece0f37fd27bbf516b8ed254b85df6d81b733842a4df52476bf5be379198300a0580be35588cb76606d6c681ce0ed9723bb4d4f98d7b30d245877185b2fa1adcc668e8e8e26795ce9517b0f724f403a9c2f4b01328444d7248e1403d2e6d8b7a1a0cb384f257a1862926a893f9d52d1faa46dbd2b6e4a3a0e6799f60934ac72ccb9d8c71e8d1ca1bc1fc11fe1b955626639de5f219e3d512c4ce4c72016b9f4d88dff006181fc49c2f96d2e4b2d5bcd0cd58581f2295c80a0db536c2edded6187d579957434692250ca164b5b5581b624bc33595b5b449052d0d2c11f97a84f096d520ecd7504f5df0c4385738deb3f7e49ec7e4787035768e03d381e97f055ff0084f98d1a71953d2b3c7f0959aa8d8dacb67040dbfeed38bb3c16e1d5a9a5cea8dabe58a4a79352069bf48c5efd06e5bd5d0003ae293adcaeb6ab3b92a4d2f90ab2b3acb1a1b037b837ef8b2b23a5a8ace21cbeaf2e6a81258492c309f54e8dfce402f63bee01ed814d97421e5cedc115f5fdd4f2a9ff000cc11c64db4dfbd49f88a96872ea9969eb286ac4886c590ab29f7046c41c446b2ae915f4d37c5c63b32036c3baff008aa3a892279aa2311b18ece7510072be19cb984303ab56381191b0d3ea73efd8631d3e0dcd276d9770c14a3b36baf5581f7d524e8648fcc6942dc7a7529d44605d4d1ea5f5491dfd94db0f2b78aa9558886953eb6be02d67114d2dfcb8900ef6c24d85f7b056acc43826b574350a0f95528a3b5d8606cd26649755aefb07270a5657cd31fd4936ec30d0541b811a5ce2c6112346e86f9413de4ff8607939bc13e6accd46af79b40058afb5ec3f7c5f3e1f667071078c745f07924b94c14f4c6a5a3964d4effa61518ec0282a56c3efd7117f0a7c3d8e1a38f8c38c626969510cf459681769c0dfcc9074416bd8f3b76e734f015aa736e23e29e36ae5225ac90451023e504dec3e8a1463e2631207b88b147d06ff007ff167b35c7c4fc34e5809d0d2dbbdb53c8140707de77aadbaa9478eb5d94c3c275d0cd234798f94863057f98acf6b03f5e7db151f8755c6973bcaa626de555c44dfb16b1ff5c5abe3eac559c25974c1011f143d56dc0d0db7e7fd3148e53268a86d0774dc7d46f84f367b7f11da340e86c75f3f7af3d9581b264ee61bdc9bbf825fc5992a683c44cc32b750224ae9a643dd65d2dfdfdf121f07b368f27cf5a672b14728f25983fcf704a829d775d88b6e6dbdf01bc7ab37882d9805b25552535429ee1905ff00d30272e7d503489bbc463a84b7fedb8623f17c4f107b39edbb6e55be1e018cc9db13bf99adbf5abf9d954b3c7b0d57bb7307f638d2eca5949bf53be33198dac8d1a97e6a7340348d708247271151998ea44904db75d3be9fdb1666679e3303a808c1dc9b5ed8cc662623174b5d9100dc3bb4f8ff008094ca64a0abada45aa86aaa11d3500232145ba1be2515fc5195d26528129cc6ec0a88c45727ef8cc662de101add91a6b7ba8a8ca7196574e918f20f9925c02558b0f6d873c01c9f8d2b787f8ca3cd042e9041560b43203148bb6db116048e5b58e33198f9fbd0294c49eef92b23c4ecc2838a24873cca609e9d2ba994ccb2c0d115916fea1d0dc7504f2c5579ad4553c8165be941a56fd00c6633196ce216b64242e93ecd621f2e023d5d36f81439dcdce34b4aff0028c663314bc05a30e2b68e92e6f21c4b3c3bc9686bf892960ae2529756a9485b9206f6fbf2c66330acd23b4a8ca2a3756c68ae91e2f9e8e8bc39ccaa29a40e64a710464ffd642851db6be15f0fb275ca386a832ad3a26957cf9c0e85bfa0b6331985e5a76815cd0f89dd73b98ba3c09683cbdc7fb5a2bea510f16728f8df0feae3a65d52528150aa06e74fcdfb5f1cc592c8c733914f538cc662d3da0898d2d2d15dd1f25a3f61a67bb0b2309d81fa8522f1ba3d5c3dc1f9b733365ef4ac7de36dbf66c457866b9616826906a4461ac0eaa7661f827198cc233ef135c7c07d16a322efc0e61e2de3d35397ffd9ffdb0043000503040404030504040405050506070c08070707070f0b0b090c110f1212110f111113161c1713141a1511111821181a1d1d1f1f1f13172224221e241c1e1f1effdb0043010505050706070e08080e1e1411141e1e1e1e1e1e1e1e1e1e1e1e1e1e1e1e1e1e1e1e1e1e1e1e1e1e1e1e1e1e1e1e1e1e1e1e1e1e1e1e1e1e1e1e1e1e1e1e1e1effc00011080064006403012200021101031101ffc4001d000001040301010000000000000000000007000405060203080109ffc4003b100002010205010603070204070000000001020304110005061221310713224151611471810823324291a1c152b11524e1f017335362d1d2f1ffc4001b01000203010101000000000000000000000304020506010700ffc40035110001040103010603040b000000000000010002031104052131121322325161a14191f0061481c1233542527183b1b2c2d1e1ffda000c03010002110311003f00e6976ab8dbba2ae809fc4061acb3b53caceef202a36b0b75c6d4ccab29ddd98785b84b8b907db0ca478da919c9662cdb79eac7cce2998c37b854f1c447886de89c0ae79dbee184683fedeb86ac8e95002a1790f4f0f963182ae96252b2c6cc7cb68b62e3d9ae95d47adb336832e8b6d3258d4ccec447021e05edc927c940249c10b4b2e86c9a644eba635414394e679dd4d1e5394d0c95559349dd430c0bb998dbdbebed82be8cfb3c768b98a491e7748d92431d33482a24747d8c3955750db883c83b6f6e3d2d83ee82cbb40f655a72a9a86286a7396da279aad3ef9893f81058951c13b7f5f4c416a9ed72334d5ad9754bc95c498a9e2b23597c4bbd4f9dc1e54d88b0b626d680ca2ace0c201b4e0ab9907d9861911456eac496a1d41434f0f8483e7e2b717f31869a9fec97aa60a199f28cef2dac006eee240c92cbebb78da0f5e2e717fec7b576675d950c9757c53536e36a69148f10238e6d7e7dbfd3073d14f0b652b0c7512d453b70ab210c53c8f23dfd71c85ad773ca2cd8cc8f7017cfacef4ce6fa4274a6cc72faaa591af66a888adc0e0ed2783f4fae2a59ad50943b94d891804006ff00affe31f483b51d0745af3484991662f252c8b28961aa58f7ec7171bad7e783cf38e08ed6fb3ccd743eb4974f67681a4d9ded354a1221a98cf465b81f223c8f185df8dd93fa8ee1544986d04b81543a2ef9e30aa7bb9a6bdcf5257f8187454077dd3461100bf1bb9e847d4f9e329227a77759071eaa2e00b61a415148c18b5f7edb9f4ebc0e3d31df16e12c4751242dbdd8b0d8c112de1056fc6163449552c923318a1173d02f4fdb0b130d72e88dc9c4456a1846e8a5113adedcfcf1ecf959076c8e801e9b4703db1847186ef0c51b10a000cc780079db12501904082472768beeb6e3d7a7cb017bcb3c250a495c0f74ac34ce9a6ccf318a8698acd3cd26c550bcdbccdfd00b927075873ba4d13a323c8f25d8bb01df32a59a590dee6e79fd3a0181ae8fdf9765f5999d1aeda8a8530c5203c85eadb7d3d0fcb0ff0029cbeab39ada7a32a88f2021dba90b7e79ff007e589875b4bde568b49c77b8071e5decae392e73a8b36c96969e434ccb0c8f2093baf1b338b117163b40e3ea71035d9354e5f56b38cb925a7562521dc0153f31c9fd7053c8b2ba6a7a758950288c6d03e5865a9e9e268d82adf6f500f384866bddc2dc374882ba4f2ab3a7fb4b972e1f0998e4503a16e22963b8ebc1bd8f37e7040a0edbd28c848a38a943233247131998b74b5dcdc727d07b5f027aeeecf7913f5bf1c8c4408bb9aa0ecb71bb7daffc60ecca206e1233e92d07636bb4b49f68b97e6f94db3294e5b3a8177b93dd9f53ebefe581b7da35f28d5fa2f34a6cc0d32e6b925aae9aa5210c5e2e37052412548209db7e80f9605590ea787e1d32e959bbcb1ee48ea18ffbf2c591ea9ab6a29e833b8de11dc8a595d5402ac3c2c6df5371e61ce09f7a2f1d25213e96c8c123e2b9c4c67bf92028245889b162cb7f4201e48f9e1a4cac54ac14e7936365fee70f352d266192e7d5994d4d554544b493340a9bb71297b03ed703f7c474d511c302ac88cd2b0ddb3774c403083b2c2cb09649416b8e340bfe62a628e4fe932816c2c32068dae65a6b35f8058f4c2c1fa0faa97627d7d948d0491cb53b1a3628395b7e13f3f6c3ca8985d8411ed1b7952d618f615a648630e5a336bed6162c47fbe986b5322ed68d57773c6cea7db0aecf77095aeb76c15df4dc52ff0081d2bd3c65b72b0da05cb316ff004c5bb44c4cb5d097369436de3f37a9f962b5a361aaa2d2d4d3916466997c2c772a861b9adf5dbf3be2f5d9840b345519814e4b954f65180cd374b4d15e8ba3e397767628503f82bd96558d8a0ebe9883ce3bbeedbef393d46ee986daab38aea6864832f78a12a84cb512f0b12fccf9e0499a6759a2cce21cec54b7e263b1bf5b91d301c6658b5a4932844eaa53d9ea3c756db7c5f4be23ca86512395516b75b6346495799d74e0348950783616be23f37cd6642d4cb0aaba3b5c3706de583d04074bd5bd223f631a4e87536a3796aabaa290d359e12911915dc7366b74160706ded3322caf2cd366afe14c7586451148adc162386fd87bf91c043b08ed4f29d213835991cd34f23de59d274bafc939245bdf076eddf388f51767991671a7a135114d5b0163b385497c20b7a726d86591b7a763b854b9334864008ee95c6bda8d5fc5f6959d4c0f7526f512a0371bf62ef238e2ed736c56e68e30b24aa54cd604fafd7163d42456ea5ceaaa5261dd5d28208b9650c40e7cb818aed48a7491de2def6bf8588e3d2e712ebb75792c464bc3a7752d504348109903b6e37053a5bebf5c2c7b044d22b328888bdbef2d7fdf0b12277e50cbc83cadb1fc78a8253bc250105d875bfa63654d432aaac706d6602ec059891d6f6c37ab9ab1e7b2c92281d0038c679645b0ddb196ca2dd7dc9c4432c8269722b15b0dd1abb3d9628b46c5535709977d1f70b183626479a42793d3f0ae2f1a3b2d6cae9ea28a45e124f01f55b71819761f9be553f7da633a936c86712d03bbdb7483f283eb7e40f3e70668a331baa1376b00491624fae2932ed8e23cd7ac69934591850bd9cb406fc857e56a0f51e586a5c3854994107b9905d0dbd473fce05fa8a333d74aa72e5898dd77a3ed0460cd5f529041285019cf17fa738126a0a8596bcaadae4fe982e3bb6d9392460b6dc9fe82d2ef4ddd6652c9e0536da07bf0314fed328fbbd453109c173cafa5f045d2598e5f43434f1d5554c936d3b91c5a367278b1e9e98a86b68bbca8966691546e362dc7ff0070c35d4eb2a0f89ae869a15421a6a4986c8e298486de2bdb9bf91f2c7616459567fa7fece4f976a03148c2259690464de3b9ef04728fea045f8bf5f6b6397b4d05a2aca4cd444953f0d32ca633d1f69bd8e3a93b4bd41479b760f9eeae8a59529ab29616a55552445532030ca2c0f95afe5c9c3903838937bd2cfea51f62c6ed4dbf7f82e2ccdb329aaab99da5903c8e5e41b41249b936c44c48d24e65646da092bfd3feb87b98852cec29e46958f848ba8b7adbc85b0cde9a4602f3af163b16e38f4c4e300058873402696b95a7591bfcb5c13704df0b1b1e3a9762c7bb5f6b8e3f5c2c1811e8be0056e4294cc6992150620dbc9e141c308152490c5280672dc9f203d4e25eb95a4ef183aaaf9c9eded88da6eea101a06decc39622c309c4e259eaabe127a0f9ad79604350f31673344fb901fca6fc1f9e3a3fb2bce2bf35d234b579a4cd2d407922ef5ff13aab58127d79fdb1ce14a6258a4575542cc4afbe0f7d902b2766744436e659a7607d417230b6a2db65faad77d9973c653803b571f2ff00aac99f48c292a523ff009850db02ba78dfe2f6cd495331dc4c8f1adf9079fa0c112ba492a23ef1090e86cc30d0c7053c5be9caab83b8fb9f3c2b8db05ba9c35f5beca9d9d3534549253cf1cca9200003c8fed6fdf14ccda7a696a14b5435d16c4b127f938206ac9c9a612ac7072791b79c50eaa486473be9d55ff6c3c0ec80e118b0148e9f628c76bb344c9e2b8b737e0e2cbac73dab9bb20c8f204aa91618b37ac964815bc2ebddc7b5987b3335be67113a3a8aa330a98a86929e4a89e7202471a9636f90e71b734d2dabb33cdea451698ce4d2d3030c69f01292bb4f25bc3c126e6df2f4c2d1c9fa535e4abb5ab1801b7649d87d7d6ea815b2464048a102770159afcfcbdb18bc7dd40674b02d7da6f726dd7e58b454e80d6b2130c3a533d76dd70a32f93ff5f6c35ccb47eaac9e3ef339c8734a088a14066a391073ee45af8783806ac60c6713642a64d503bd6b03c1fd30b12090410ee592369189b96dd6c2c32246f92e163af84eaa103ccf25435a2279507f8c376681a9fbc20c715ecabfd56c3af839eb6b7e0a9a29259a671b56352eeded6c1374ff006375d5cb0cba8ea23caa05b014b159ea187bfe543f3b9f6c212e5458ed064757d7920e069d3e6d3226927d82acf631a422d6daa7e16a59a1ca689054577763ef0c77368d0f3666e79f2e4f383f6734b9265a64a1d3d9641966574ff77053c4e5c0173c96372589e493e670e32b8b4f69ccb132fc8327a4cb522dcb3c94c089a7420adde424966009b1f2278b62aca9559765df0b3bfc4c29c475482eaebe5b87e56f507e971ce106e7c59a1cc67208d8f355cfcefd97a1699a23b4e01cf1c83bfadffaaf751d5d55dc4d23211ee08e310d53988dac4743fb61c660e1d5ac6e3d8e20a45540d73d7f4c7402de13b201c15a2b655a9620df8e988dabcb56a24baab1bf005b0ea4f8a452d19f0e165f1e6398ca94a81dde5902224639724fef8e1926f3458e382a885d1df64ed314195c106787b99330ac778d6fd62894586df99079ebc7a60f35b5a94f57bd5958eddad63cfd7039d2397c1a7f52e4391d3c5f0ddcd1d38920bdd96428c5afefe67dd8e237b4cadafa7d439a264922a77779aa65636db65e545faff37c52cd9b363c525722502ef8ee8e3e5b859f9b00ea19a1ad340b6c5f1568a795e770662f32534c18c6d6366f3f3c68d519a4f9764b5f58de34820696cdd0d87437c07fb2ecf6b973c8d0bf7a6a5b84543773e7d0580b0c5b7b6dcfa28fb3cab580d9eae44a5b1041176b9fd94e2cb13567cd88f323fbc3dd2f3e82fc7d4a3c5ab0e23dceea33fe197677dac5252eaecff286198bc229e5f8698c40ec26d70bc13636bfa01858a0694d715f90658d454e3746d2193af4b803f8c2c4b1f5f0c8dad7b2c8f8ab7cbfb25a889dff00773dcbdb7f82c29b4fe53a3fbca2c868d29d88024a96f14f2f1f99cf3f4161ed88f4776ae01dd9ad73ce161633cf71739c5c6cad56931323c5018d036f82f6b5dbb9120e182feb7c41d6bbd3ca5e191e3247e536c2c2c023f12bdc300b68a8c9e6599ad3d3d3ca4fe62966fd458e36a69ecbab56ec268aff00f4e43fcdf0b0b1a2d3a47bbc46d526b7044c16d681f82c2a34cd0d35049b27aa6f3f1329fe318f6775f3e419f99f2a114154f6885498c3cb18279285afb4fb8c2c2c33a912c84b9bb1557a3c6c9a5e89058f23b846decb9e59fb52535134b3bac95237c8d763b06d173f2c4ef6d11aa419acaa3c725347b8fd6dfd80c2c2c65f23f55ff31bfd12993b6bb081fbadfee43bece66922cef27911acc2b6317f626c7f63879db055cf2d6e6996bbde9a9f3d67896df84b53ab1e7e649fae161623864f64efe3f92be9dad3acb091fb3fe48748ec56f7c2c2c2c756bc05ffd9, 'image/jpeg', 'hungary', '36', '704218586', 'Szeged', '6725', 'Dobó utca 58/2.', 'odry.attila@keri.mako.hu', '$2y$10$EtmLW2cvQEcmv6aIwo82veCHifCt5gBN3MB.livLwV8jY1Mb5OtIW', '2024-01-11 22:59:47', 'd1f536cc5566b66742ea686178a14493', NULL, NULL, '2024-01-16 18:19:08', 0, 1, NULL),
(2, 'N', NULL, 'Renátó', NULL, 'Nagy', NULL, NULL, '1993-11-01', 'M', NULL, NULL, NULL, NULL, NULL, NULL, NULL, NULL, 'nagyrenato@gmail.com', '$2y$10$dNISWl/8DxjbrqtxD9VqZ..HdRniBpWy1ZZW2VsNvbTkirSyAbaEe', '2024-01-16 18:31:31', '0f8e672eedcfdd2cc34a494f82f52f0b', NULL, NULL, NULL, 0, 1, NULL),
(3, 'N', NULL, 'NOrisz', NULL, 'Antal', NULL, NULL, '2001-04-27', 'M', NULL, NULL, NULL, NULL, NULL, NULL, NULL, NULL, 'antalnorisz1@gmail.com', '$2y$10$6MB.6iU/NXsnqIa9BSSaW.6XJQe8JQMnFpeQFRW4pr8FDJYfFzNfm', '2024-01-16 18:35:43', NULL, NULL, NULL, NULL, 0, 1, NULL);

-- --------------------------------------------------------

--
-- Tábla szerkezet ehhez a táblához `user_plans`
--

CREATE TABLE `user_plans` (
  `id` int(11) NOT NULL,
  `user_id` int(11) NOT NULL,
  `termek_id` int(11) NOT NULL,
  `ar_forint` int(11) NOT NULL,
  `expire` date NOT NULL
) ENGINE=InnoDB DEFAULT CHARSET=utf8mb4;

--
-- A tábla adatainak kiíratása `user_plans`
--

INSERT INTO `user_plans` (`id`, `user_id`, `termek_id`, `ar_forint`, `expire`) VALUES
(1, 1, 3, 18000, '2024-06-20'),
(2, 1, 1, 5000, '2024-02-20'),
(3, 1, 2, 9000, '2024-03-20'),
(4, 1, 3, 18000, '2024-06-20'),
(5, 1, 1, 5000, '2024-02-20'),
(6, 2, 2, 9000, '2024-03-30'),
(7, 2, 1, 5000, '2024-03-01'),
(8, 2, 3, 18000, '2024-07-14'),
(9, 2, 3, 18000, '2024-07-14'),
(10, 2, 1, 5000, '2024-03-14');

-- --------------------------------------------------------

--
-- Tábla szerkezet ehhez a táblához `vasarlasok`
--

CREATE TABLE `vasarlasok` (
  `vasarlas_id` int(11) NOT NULL,
  `user_id` int(10) UNSIGNED NOT NULL,
  `datum` datetime NOT NULL
) ENGINE=InnoDB DEFAULT CHARSET=utf8mb4;

--
-- A tábla adatainak kiíratása `vasarlasok`
--

INSERT INTO `vasarlasok` (`vasarlas_id`, `user_id`, `datum`) VALUES
(1, 1, '2023-12-12 19:03:21'),
(2, 1, '2023-12-12 19:31:20'),
(3, 2, '2023-12-19 16:36:50'),
(4, 2, '2023-12-19 16:37:19'),
(5, 2, '2023-12-19 16:54:49'),
(6, 2, '2023-12-19 17:36:11'),
(7, 2, '2023-12-19 17:36:42'),
(8, 2, '2023-12-19 17:47:30'),
(9, 1, '2023-12-20 16:50:37'),
(10, 1, '2023-12-20 19:15:58'),
(11, 1, '2023-12-20 19:19:17'),
(12, 1, '2023-12-20 19:23:14'),
(13, 1, '2023-12-20 19:24:52'),
(14, 1, '2023-12-20 19:25:58'),
(15, 1, '2023-12-20 19:27:20'),
(16, 1, '2023-12-20 19:30:27'),
(17, 1, '2023-12-20 19:32:38'),
(18, 2, '2023-12-30 23:08:27'),
(19, 2, '2024-01-02 22:32:24'),
(20, 2, '2024-01-03 01:02:33'),
(21, 2, '2024-01-09 01:49:29'),
(22, 2, '2024-01-09 02:02:33'),
(23, 2, '2024-01-13 18:33:24'),
(24, 2, '2024-01-13 18:33:52'),
(25, 2, '2024-01-13 18:34:18'),
(26, 2, '2024-01-13 18:34:24'),
(27, 2, '2024-01-13 18:43:48'),
(28, 2, '2024-01-13 18:45:21'),
(29, 2, '2024-01-14 02:18:33'),
(30, 2, '2024-01-14 10:48:16'),
(31, 2, '2024-01-14 10:52:45'),
(32, 2, '2024-01-14 10:53:32'),
(33, 2, '2024-01-14 10:53:55'),
(34, 2, '2024-01-14 10:54:25'),
(35, 2, '2024-01-14 10:55:31'),
(36, 2, '2024-01-14 10:58:18'),
(37, 2, '2024-01-14 11:00:13'),
(38, 2, '2024-01-14 11:01:14'),
(39, 2, '2024-01-14 11:04:23'),
(40, 2, '2024-01-14 11:05:33'),
(41, 2, '2024-01-14 11:06:32'),
(42, 2, '2024-01-14 11:07:26'),
(43, 2, '2024-01-14 11:08:44'),
(44, 2, '2024-01-14 11:09:25'),
(45, 2, '2024-01-14 11:11:37'),
(46, 2, '2024-01-14 11:12:50'),
(47, 2, '2024-01-14 11:13:45'),
(48, 2, '2024-01-14 11:14:12'),
(49, 2, '2024-01-14 11:15:58'),
(50, 2, '2024-01-14 11:16:25'),
(51, 2, '2024-01-14 11:16:55'),
(52, 2, '2024-01-14 11:17:02'),
(53, 2, '2024-01-14 11:17:10'),
(54, 2, '2024-01-14 11:17:16'),
(55, 2, '2024-01-14 11:18:31'),
(56, 2, '2024-01-14 11:19:13'),
(57, 2, '2024-01-14 11:20:29'),
(58, 2, '2024-01-14 11:20:53'),
(59, 2, '2024-01-14 11:21:09'),
(60, 2, '2024-01-14 11:21:18'),
(61, 2, '2024-01-14 11:22:08'),
(62, 2, '2024-01-14 11:23:24'),
(63, 2, '2024-01-14 11:23:30'),
(64, 2, '2024-01-14 11:24:59'),
(65, 2, '2024-01-14 11:26:36'),
(66, 2, '2024-01-14 11:28:48'),
(67, 2, '2024-01-14 11:28:58'),
(68, 2, '2024-01-14 11:29:22'),
(69, 2, '2024-01-14 11:29:59'),
(70, 2, '2024-01-14 11:30:07'),
(71, 2, '2024-01-14 11:30:18'),
(72, 2, '2024-01-14 11:31:09'),
(73, 2, '2024-01-14 11:32:31'),
(74, 2, '2024-01-14 11:32:36'),
(75, 2, '2024-01-14 11:32:41'),
(76, 2, '2024-01-14 11:32:46'),
(77, 2, '2024-01-14 11:32:52'),
(78, 2, '2024-01-14 11:33:00'),
(79, 2, '2024-01-14 11:34:14'),
(80, 2, '2024-01-14 11:34:29'),
(81, 2, '2024-01-14 11:35:40'),
(82, 2, '2024-01-14 11:36:54'),
(83, 2, '2024-01-14 11:41:21'),
(84, 2, '2024-01-14 11:42:21'),
(85, 2, '2024-01-14 11:43:59'),
(86, 2, '2024-01-14 11:44:17'),
(87, 2, '2024-01-14 11:48:12'),
(88, 2, '2024-01-15 14:31:42'),
(89, 2, '2024-01-15 17:40:14'),
(90, 2, '2024-01-16 05:09:36'),
(91, 1, '2024-01-16 18:12:48'),
(92, 1, '2024-01-16 18:19:19');

-- --------------------------------------------------------

--
-- Tábla szerkezet ehhez a táblához `vasarlasok_tetel`
--

CREATE TABLE `vasarlasok_tetel` (
  `tetel_id` int(11) NOT NULL,
  `vasarlas_id` int(11) NOT NULL,
  `termek_id` int(11) NOT NULL,
  `mennyiseg` int(11) NOT NULL,
  `ar_forint` int(11) NOT NULL
) ENGINE=InnoDB DEFAULT CHARSET=utf8mb4;

--
-- A tábla adatainak kiíratása `vasarlasok_tetel`
--

INSERT INTO `vasarlasok_tetel` (`tetel_id`, `vasarlas_id`, `termek_id`, `mennyiseg`, `ar_forint`) VALUES
(1, 1, 1, 3, 2000),
(2, 1, 2, 22, 1800),
(3, 2, 1, 3, 2000),
(4, 2, 4, 2, 2100),
(5, 2, 6, 2, 2150),
(6, 3, 1, 5, 2000),
(7, 4, 1, 4, 2000),
(8, 5, 1, 5, 2000),
(9, 5, 2, 2, 1800),
(10, 6, 2, 7, 1800),
(11, 7, 2, 1, 1800),
(12, 8, 2, 3, 1800),
(13, 8, 1, 5, 2000),
(14, 9, 3, 1, 18000),
(15, 12, 3, 4, 2200),
(16, 12, 2, 4, 1800),
(17, 13, 3, 4, 2200),
(18, 13, 2, 4, 1800),
(19, 14, 3, 4, 2200),
(20, 14, 2, 4, 1800),
(21, 15, 3, 4, 2200),
(22, 15, 2, 4, 1800),
(23, 16, 1, 1, 2000),
(24, 16, 2, 3, 1800),
(25, 16, 6, 1, 2150),
(26, 16, 4, 3, 2100),
(27, 17, 5, 1, 1900),
(28, 18, 3, 11, 2200),
(29, 19, 4, 5, 15000),
(30, 20, 4, 1, 15000),
(31, 21, 3, 3, 12000),
(32, 22, 12, 1, 16000),
(33, 23, 2, 2, 10000),
(34, 24, 2, 4, 10000),
(35, 25, 2, 4, 10000),
(36, 26, 3, 4, 12000),
(37, 27, 3, 3, 12000),
(38, 28, 3, 3, 12000),
(39, 28, 12, 1, 16000),
(40, 29, 3, 1, 12000),
(41, 30, 2, 1, 10000),
(42, 31, 2, 2, 10000),
(43, 32, 2, 1, 10000),
(44, 33, 2, 6, 10000),
(45, 34, 2, 2, 10000),
(46, 35, 2, 4, 10000),
(47, 36, 3, 2, 12000),
(48, 37, 2, 1, 10000),
(49, 37, 3, 1, 12000),
(50, 38, 2, 1, 10000),
(51, 38, 3, 1, 12000),
(52, 39, 3, 1, 12000),
(53, 40, 2, 1, 10000),
(54, 41, 2, 1, 10000),
(55, 41, 1, 1, 8000),
(56, 42, 2, 1, 10000),
(57, 43, 2, 1, 10000),
(58, 44, 3, 1, 12000),
(59, 45, 2, 1, 10000),
(60, 45, 3, 1, 12000),
(61, 46, 2, 1, 10000),
(62, 46, 3, 1, 12000),
(63, 47, 2, 1, 10000),
(64, 47, 3, 1, 12000),
(65, 48, 2, 1, 10000),
(66, 48, 3, 1, 12000),
(67, 49, 2, 1, 10000),
(68, 50, 3, 1, 12000),
(69, 50, 2, 1, 10000),
(70, 51, 2, 1, 10000),
(71, 51, 3, 1, 12000),
(72, 52, 3, 1, 12000),
(73, 53, 3, 1, 12000),
(74, 53, 4, 1, 15000),
(75, 54, 4, 1, 15000),
(76, 54, 3, 1, 12000),
(77, 54, 2, 1, 10000),
(78, 55, 2, 1, 10000),
(79, 55, 3, 1, 12000),
(80, 56, 3, 1, 12000),
(81, 56, 2, 1, 10000),
(82, 57, 3, 1, 12000),
(83, 58, 4, 1, 15000),
(84, 58, 3, 1, 12000),
(85, 59, 4, 1, 15000),
(86, 59, 3, 1, 12000),
(87, 60, 4, 1, 15000),
(88, 60, 3, 1, 12000),
(89, 61, 2, 1, 10000),
(90, 62, 2, 1, 10000),
(91, 63, 3, 1, 12000),
(92, 64, 3, 1, 12000),
(93, 65, 3, 1, 12000),
(94, 66, 3, 1, 12000),
(95, 67, 3, 1, 12000),
(96, 68, 3, 1, 12000),
(97, 69, 2, 1, 10000),
(98, 70, 3, 1, 12000),
(99, 70, 2, 1, 10000),
(100, 71, 4, 1, 15000),
(101, 71, 3, 1, 12000),
(102, 71, 2, 1, 10000),
(103, 72, 3, 1, 12000),
(104, 72, 2, 1, 10000),
(105, 73, 2, 1, 10000),
(106, 73, 3, 1, 12000),
(107, 74, 4, 1, 15000),
(108, 74, 3, 1, 12000),
(109, 75, 4, 1, 15000),
(110, 75, 3, 1, 12000),
(111, 76, 3, 1, 12000),
(112, 77, 4, 2, 15000),
(113, 77, 3, 1, 12000),
(114, 78, 3, 3, 12000),
(115, 78, 4, 1, 15000),
(116, 79, 2, 1, 10000),
(117, 79, 3, 1, 12000),
(118, 80, 2, 1, 10000),
(119, 80, 3, 1, 12000),
(120, 81, 3, 1, 12000),
(121, 81, 2, 1, 10000),
(122, 82, 2, 1, 10000),
(123, 82, 3, 1, 12000),
(124, 83, 3, 3, 12000),
(125, 84, 3, 1, 12000),
(126, 84, 2, 1, 10000),
(127, 85, 2, 1, 10000),
(128, 86, 2, 1, 10000),
(129, 86, 3, 1, 12000),
(130, 87, 2, 1, 10000),
(131, 87, 3, 1, 12000),
(132, 88, 2, 2, 10000),
(133, 88, 3, 2, 12000),
(134, 88, 12, 1, 16000),
(135, 89, 2, 1, 10000),
(136, 90, 3, 1, 12000),
(137, 90, 2, 1, 10000),
(138, 92, 1, 1, 8000),
(139, 92, 2, 1, 10000),
(140, 92, 3, 1, 12000),
(141, 92, 4, 1, 15000);

--
-- Indexek a kiírt táblákhoz
--

--
-- A tábla indexei `aboutus_text`
--
ALTER TABLE `aboutus_text`
  ADD PRIMARY KEY (`id`);

--
-- A tábla indexei `ecogourmet_services`
--
ALTER TABLE `ecogourmet_services`
  ADD PRIMARY KEY (`id`);

--
-- A tábla indexei `eco_gourmet_awards_achievements`
--
ALTER TABLE `eco_gourmet_awards_achievements`
  ADD PRIMARY KEY (`id`);

--
-- A tábla indexei `faqs`
--
ALTER TABLE `faqs`
  ADD PRIMARY KEY (`id`);

--
-- A tábla indexei `recipes`
--
ALTER TABLE `recipes`
  ADD PRIMARY KEY (`id`);

--
-- A tábla indexei `subscription_plans`
--
ALTER TABLE `subscription_plans`
  ADD PRIMARY KEY (`termek_id`);

--
-- A tábla indexei `termek`
--
ALTER TABLE `termek`
  ADD PRIMARY KEY (`termek_id`);

--
-- A tábla indexei `testimonials`
--
ALTER TABLE `testimonials`
  ADD PRIMARY KEY (`id`);

--
-- A tábla indexei `type`
--
ALTER TABLE `type`
  ADD PRIMARY KEY (`type`,`id`) USING BTREE;

--
-- A tábla indexei `user`
--
ALTER TABLE `user`
  ADD PRIMARY KEY (`id`),
  ADD UNIQUE KEY `email` (`email`) USING BTREE;

--
-- A tábla indexei `user_plans`
--
ALTER TABLE `user_plans`
  ADD PRIMARY KEY (`id`);

--
-- A tábla indexei `vasarlasok`
--
ALTER TABLE `vasarlasok`
  ADD PRIMARY KEY (`vasarlas_id`),
  ADD KEY `user_id` (`user_id`);

--
-- A tábla indexei `vasarlasok_tetel`
--
ALTER TABLE `vasarlasok_tetel`
  ADD PRIMARY KEY (`tetel_id`);

--
-- A kiírt táblák AUTO_INCREMENT értéke
--

--
-- AUTO_INCREMENT a táblához `aboutus_text`
--
ALTER TABLE `aboutus_text`
  MODIFY `id` int(11) NOT NULL AUTO_INCREMENT, AUTO_INCREMENT=10;

--
-- AUTO_INCREMENT a táblához `ecogourmet_services`
--
ALTER TABLE `ecogourmet_services`
  MODIFY `id` int(11) NOT NULL AUTO_INCREMENT, AUTO_INCREMENT=5;

--
-- AUTO_INCREMENT a táblához `eco_gourmet_awards_achievements`
--
ALTER TABLE `eco_gourmet_awards_achievements`
  MODIFY `id` int(11) NOT NULL AUTO_INCREMENT, AUTO_INCREMENT=7;

--
-- AUTO_INCREMENT a táblához `faqs`
--
ALTER TABLE `faqs`
  MODIFY `id` int(11) NOT NULL AUTO_INCREMENT, AUTO_INCREMENT=7;

--
-- AUTO_INCREMENT a táblához `recipes`
--
ALTER TABLE `recipes`
  MODIFY `id` int(11) NOT NULL AUTO_INCREMENT, AUTO_INCREMENT=10;

--
-- AUTO_INCREMENT a táblához `subscription_plans`
--
ALTER TABLE `subscription_plans`
  MODIFY `termek_id` int(11) NOT NULL AUTO_INCREMENT, AUTO_INCREMENT=6;

--
-- AUTO_INCREMENT a táblához `termek`
--
ALTER TABLE `termek`
  MODIFY `termek_id` int(11) NOT NULL AUTO_INCREMENT, AUTO_INCREMENT=108;

--
-- AUTO_INCREMENT a táblához `testimonials`
--
ALTER TABLE `testimonials`
  MODIFY `id` int(11) NOT NULL AUTO_INCREMENT, AUTO_INCREMENT=7;

--
-- AUTO_INCREMENT a táblához `user`
--
ALTER TABLE `user`
  MODIFY `id` int(10) UNSIGNED NOT NULL AUTO_INCREMENT, AUTO_INCREMENT=4;

--
-- AUTO_INCREMENT a táblához `user_plans`
--
ALTER TABLE `user_plans`
  MODIFY `id` int(11) NOT NULL AUTO_INCREMENT, AUTO_INCREMENT=11;

--
-- AUTO_INCREMENT a táblához `vasarlasok`
--
ALTER TABLE `vasarlasok`
  MODIFY `vasarlas_id` int(11) NOT NULL AUTO_INCREMENT, AUTO_INCREMENT=93;

--
-- AUTO_INCREMENT a táblához `vasarlasok_tetel`
--
ALTER TABLE `vasarlasok_tetel`
  MODIFY `tetel_id` int(11) NOT NULL AUTO_INCREMENT, AUTO_INCREMENT=142;
COMMIT;

/*!40101 SET CHARACTER_SET_CLIENT=@OLD_CHARACTER_SET_CLIENT */;
/*!40101 SET CHARACTER_SET_RESULTS=@OLD_CHARACTER_SET_RESULTS */;
/*!40101 SET COLLATION_CONNECTION=@OLD_COLLATION_CONNECTION */;
