-- phpMyAdmin SQL Dump
-- version 5.2.0
-- https://www.phpmyadmin.net/
--
-- Gép: 127.0.0.1
-- Létrehozás ideje: 2024. Jan 16. 07:21
-- Kiszolgáló verziója: 10.4.27-MariaDB
-- PHP verzió: 8.2.0

SET SQL_MODE = "NO_AUTO_VALUE_ON_ZERO";
START TRANSACTION;
SET time_zone = "+00:00";


/*!40101 SET @OLD_CHARACTER_SET_CLIENT=@@CHARACTER_SET_CLIENT */;
/*!40101 SET @OLD_CHARACTER_SET_RESULTS=@@CHARACTER_SET_RESULTS */;
/*!40101 SET @OLD_COLLATION_CONNECTION=@@COLLATION_CONNECTION */;
/*!40101 SET NAMES utf8mb4 */;

--
-- Adatbázis: `ecogourme`
--

DELIMITER $$
--
-- Függvények
--
CREATE DEFINER=`root`@`localhost` FUNCTION `BASE64_ENCODE` (`textIn` LONGBLOB) RETURNS LONGTEXT CHARSET utf8mb4 COLLATE utf8mb4_general_ci NO SQL BEGIN
/*
	Convert blob to base64 text, remove start, end spaces,
	newline, carriage return, and tab characters from text 
*/
DECLARE textOut LONGTEXT CHARSET utf8mb4 DEFAULT '';
IF (textIn IS NOT NULL) THEN
	SET textOut = TO_BASE64(textIn);
    SET textOut = TRIM(textOut);
    IF (LENGTH(textOut) > 0) THEN
    	SET textOut = REPLACE(textOut,"\n","");
    	SET textOut = REPLACE(textOut,"\r","");
    	SET textOut = REPLACE(textOut,"\t","");
    END IF;
END IF;
RETURN textOut;
END$$

DELIMITER ;

-- --------------------------------------------------------

--
-- Tábla szerkezet ehhez a táblához `aboutus_text`
--

CREATE TABLE `aboutus_text` (
  `id` int(11) NOT NULL,
  `title` varchar(255) NOT NULL,
  `description` text NOT NULL,
  `image` varchar(255) NOT NULL
) ENGINE=InnoDB DEFAULT CHARSET=utf8mb4 COLLATE=utf8mb4_general_ci;

--
-- A tábla adatainak kiíratása `aboutus_text`
--

INSERT INTO `aboutus_text` (`id`, `title`, `description`, `image`) VALUES
(1, 'about_title_1', 'about_text_1', './media/image/ffood1.jpeg'),
(2, 'about_title_2', 'about_text_2', './media/image/tree1.jpeg'),
(3, 'about_title_3', 'about_text_3', './media/image/enjoy1.jpeg');

-- --------------------------------------------------------

--
-- Tábla szerkezet ehhez a táblához `ecogourmet_services`
--

CREATE TABLE `ecogourmet_services` (
  `id` int(11) NOT NULL,
  `title` varchar(255) NOT NULL,
  `description` text DEFAULT NULL
) ENGINE=InnoDB DEFAULT CHARSET=utf8mb4 COLLATE=utf8mb4_general_ci;

--
-- A tábla adatainak kiíratása `ecogourmet_services`
--

INSERT INTO `ecogourmet_services` (`id`, `title`, `description`) VALUES
(1, 'Innovatív Ételtervezés, Gondtalan Konyhai Élmény', 'Felejtse el a konyhai aggodalmakat és hagyja, hogy az EcoGourmet innovatív ételtervezése megkönnyítse az egészséges és kiegyensúlyozott étkezést. Szakácsaink minden nap friss és ízletes ételeket készítenek, így Önnek csupán az étel élvezetére kell összpontosítania.'),
(2, 'Napi Menük: Egyszerű Döntések, Kiemelkedő Ízek', 'Válassza napi menüinket, ahol minden ételhez részletes leírás társul, hogy egyszerű döntésekkel és garantáltan ízletes fogásokkal tegyük teljessé mindennapi étkezéseit. Az EcoGourmetnél az ételválasztás egyszerű és élvezetes élmény.'),
(3, 'Kulináris Élmények Kalóriák Nélkül', 'Az EcoGourmet konyhájában minden receptet úgy alkottunk meg, hogy garantálja az ízletes kulináris élményt anélkül, hogy aggódna a fölösleges kalóriák miatt. Egészséges és finom ételeinkkel biztos lehet benne, hogy élvezetes étkezésekkel díszítjük mindennapjait.'),
(4, 'EcoGourmet: Tudatos Konyha, Fenntartható Ízek', 'Az EcoGourmet nem pusztán ételszolgáltató, hanem egy tudatos konyha, ahol az ízek mellett a fenntarthatóság is főszerepet kap. Környezetbarát alapanyagaink és a fenntartható étkezési megoldásaink révén arra törekszünk, hogy az ételeink ne csak finomak, hanem környezetbarátok is legyenek, mert hisszük, hogy a jó ízeknek és a felelős étkezésnek nem kell ellentmondaniuk.');

-- --------------------------------------------------------

--
-- Tábla szerkezet ehhez a táblához `eco_gourmet_awards_achievements`
--

CREATE TABLE `eco_gourmet_awards_achievements` (
  `id` int(11) NOT NULL,
  `title` varchar(255) NOT NULL,
  `description` text DEFAULT NULL,
  `date` date DEFAULT NULL
) ENGINE=InnoDB DEFAULT CHARSET=utf8mb4 COLLATE=utf8mb4_general_ci;

--
-- A tábla adatainak kiíratása `eco_gourmet_awards_achievements`
--

INSERT INTO `eco_gourmet_awards_achievements` (`id`, `title`, `description`, `date`) VALUES
(1, 'award_title_1', 'award_text_1', '2022-01-15'),
(2, 'award_title_2', 'award_text_2', '2022-03-10'),
(3, 'award_title_3', 'award_text_3', '2022-06-20'),
(4, 'award_title_4', 'award_text_4', '2022-08-05'),
(5, 'award_title_5', 'award_text_5', '2022-10-15');

-- --------------------------------------------------------

--
-- Tábla szerkezet ehhez a táblához `faqs`
--

CREATE TABLE `faqs` (
  `id` int(11) NOT NULL,
  `question` varchar(255) NOT NULL,
  `answer` text NOT NULL
) ENGINE=InnoDB DEFAULT CHARSET=utf8mb4 COLLATE=utf8mb4_general_ci;

--
-- A tábla adatainak kiíratása `faqs`
--

INSERT INTO `faqs` (`id`, `question`, `answer`) VALUES
(2, 'faq_q2', 'faq_a2'),
(3, 'faq_q3', 'faq_a3'),
(4, 'faq_q4', 'faq_a4'),
(5, 'faq_q5', 'faq_a5'),
(6, 'faq_q6', 'faq_a6');

-- --------------------------------------------------------

--
-- Tábla szerkezet ehhez a táblához `recipes`
--

CREATE TABLE `recipes` (
  `id` int(11) NOT NULL,
  `nev` varchar(255) NOT NULL,
  `kategoria` varchar(50) NOT NULL,
  `leiras` text DEFAULT NULL,
  `hozzavalok` varchar(250) NOT NULL,
  `elkeszites` text DEFAULT NULL,
  `fozesi_ido` int(11) DEFAULT NULL,
  `kep` varchar(255) NOT NULL
) ENGINE=InnoDB DEFAULT CHARSET=utf8mb4 COLLATE=utf8mb4_general_ci;

--
-- A tábla adatainak kiíratása `recipes`
--

INSERT INTO `recipes` (`id`, `nev`, `kategoria`, `leiras`, `hozzavalok`, `elkeszites`, `fozesi_ido`, `kep`) VALUES
(1, 'recipe_nev_1', 'recipe_kategoria_1', 'recipe_leiras_1', 'recipe_hozza_1', 'recipe_elkeszites_1', 10, './media/image/recipes/egg.jpg'),
(2, 'recipe_nev_2', 'recipe_kategoria_1', 'recipe_leiras_2', 'recipe_hozza_2', 'recipe_elkeszites_2', 15, './media/image/recipes/oatmeal.jpg'),
(3, 'recipe_nev_3', 'recipe_kategoria_1', 'recipe_leiras_3', 'recipe_hozza_3', 'recipe_elkeszites_3', 5, './media/image/recipes/yoghurt.jpg'),
(4, 'recipe_nev_4', 'recipe_kategoria_2', 'recipe_leiras_4', 'recipe_hozza_4', 'recipe_elkeszites_4', 30, './media/image/recipes/chicken.jpg'),
(5, 'recipe_nev_5', 'recipe_kategoria_2', 'recipe_leiras_5', 'recipe_hozza_5', 'recipe_elkeszites_5', 40, './media/image/recipes/lentil.jpg'),
(6, 'recipe_nev_6', 'recipe_kategoria_2', 'recipe_leiras_6', 'recipe_hozza_6', 'recipe_elkeszites_6', 25, './media/image/recipes/salmon.jpg'),
(7, 'recipe_nev_7', 'recipe_kategoria_3', 'recipe_leiras_7', 'recipe_hozza_7', 'recipe_elkeszites_7', 45, './media/image/recipes/cannelloni.jpeg'),
(8, 'recipe_nev_8', 'recipe_kategoria_3', 'recipe_leiras_8', 'recipe_hozza_8', 'recipe_elkeszites_8', 35, './media/image/recipes/eggplant.jpg'),
(9, 'recipe_nev_9', 'recipe_kategoria_3', 'recipe_leiras_9', 'recipe_hozza_9', 'recipe_elkeszites_9', 60, './media/image/recipes/beef.jpg');

-- --------------------------------------------------------

--
-- Tábla szerkezet ehhez a táblához `subscription_plans`
--

CREATE TABLE `subscription_plans` (
  `termek_id` int(11) NOT NULL,
  `nev` varchar(255) NOT NULL,
  `description` text DEFAULT NULL,
  `duration` int(11) DEFAULT NULL,
  `ar_forint` int(11) NOT NULL
) ENGINE=InnoDB DEFAULT CHARSET=utf8mb4 COLLATE=utf8mb4_general_ci;

--
-- A tábla adatainak kiíratása `subscription_plans`
--

INSERT INTO `subscription_plans` (`termek_id`, `nev`, `description`, `duration`, `ar_forint`) VALUES
(1, 'Simple', 'plan_desc_1', 2, 5000),
(2, 'Pro', 'plan_desc_2', 3, 9000),
(3, 'Enterprise', 'plan_desc_3', 6, 18000);

-- --------------------------------------------------------

--
-- Tábla szerkezet ehhez a táblához `termek`
--

CREATE TABLE `termek` (
  `termek_id` int(11) NOT NULL,
  `nev` varchar(255) NOT NULL,
  `kategoria` varchar(50) NOT NULL,
  `leiras` text NOT NULL,
  `ar_forint` int(11) NOT NULL,
  `kep_eleresi_ut` varchar(255) DEFAULT NULL
) ENGINE=InnoDB DEFAULT CHARSET=utf8mb4 COLLATE=utf8mb4_general_ci;

--
-- A tábla adatainak kiíratása `termek`
--

INSERT INTO `termek` (`termek_id`, `nev`, `kategoria`, `leiras`, `ar_forint`, `kep_eleresi_ut`) VALUES
(1, 'prod_nev_1', 'prod_kategoria_1', 'prod_leiras_1', 8000, './media/image/termek/0.jpeg\n'),
(2, 'prod_nev_2', 'prod_kategoria_1', 'prod_leiras_2', 10000, './media/image/termek/1.jpeg\n'),
(3, 'prod_nev_3', 'prod_kategoria_1', 'prod_leiras_3', 12000, './media/image/termek/2.jpeg\n'),
(4, 'prod_nev_4', 'prod_kategoria_1', 'prod_leiras_4', 15000, './media/image/termek/3.jpeg\n'),
(5, 'prod_nev_5', 'prod_kategoria_2', 'prod_leiras_5', 12000, './media/image/termek/9.jpeg\n'),
(6, 'prod_nev_6', 'prod_kategoria_2', 'prod_leiras_6', 15000, './media/image/termek/10.jpeg\n'),
(7, 'prod_nev_7', 'prod_kategoria_2', 'prod_leiras_7', 13000, './media/image/termek/11.jpeg\n'),
(8, 'prod_nev_8', 'prod_kategoria_2', 'prod_leiras_8', 12000, './media/image/termek/12.jpeg\n'),
(9, 'prod_nev_9', 'prod_kategoria_3', 'prod_leiras_9', 15000, './media/image/termek/13.jpeg\n'),
(10, 'prod_nev_10', 'prod_kategoria_3', 'prod_leiras_10', 13000, './media/image/termek/14.jpeg\n'),
(11, 'prod_nev_11', 'prod_kategoria_3', 'prod_leiras_11', 18000, './media/image/termek/15.jpeg\n'),
(12, 'prod_nev_12', 'prod_kategoria_3', 'prod_leiras_12', 16000, './media/image/termek/18.jpeg\n');

-- --------------------------------------------------------

--
-- Tábla szerkezet ehhez a táblához `testimonials`
--

CREATE TABLE `testimonials` (
  `id` int(11) NOT NULL,
  `name` varchar(255) NOT NULL,
  `description` text NOT NULL,
  `kep_url` varchar(255) NOT NULL
) ENGINE=InnoDB DEFAULT CHARSET=utf8mb4 COLLATE=utf8mb4_general_ci;

--
-- A tábla adatainak kiíratása `testimonials`
--

INSERT INTO `testimonials` (`id`, `name`, `description`, `kep_url`) VALUES
(1, 'Zsófia', 'testimonial_desc_1', './media/image/zsofia.jpeg'),
(2, 'Péter', 'testimonial_desc_2', './media/image/peter.jpeg'),
(3, 'Anna', 'testimonial_desc_3', './media/image/anna.jpeg'),
(5, 'Klára', 'testimonial_desc_5', './media/image/klara.jpeg'),
(6, 'Tamás', 'testimonial_desc_6', './media/image/tamas.jpeg');

-- --------------------------------------------------------

--
-- Tábla szerkezet ehhez a táblához `type`
--

CREATE TABLE `type` (
  `id` char(1) NOT NULL,
  `type` varchar(10) NOT NULL,
  `name` varchar(30) NOT NULL
) ENGINE=InnoDB DEFAULT CHARSET=utf8mb4 COLLATE=utf8mb4_general_ci;

--
-- A tábla adatainak kiíratása `type`
--

INSERT INTO `type` (`id`, `type`, `name`) VALUES
('F', 'GENDER', 'female'),
('M', 'GENDER', 'male'),
('A', 'USER', 'administrator'),
('G', 'USER', 'guest'),
('N', 'USER', 'not_verified'),
('U', 'USER', 'user');

-- --------------------------------------------------------

--
-- Tábla szerkezet ehhez a táblához `user`
--

CREATE TABLE `user` (
  `id` int(10) UNSIGNED NOT NULL,
  `type` char(1) NOT NULL DEFAULT 'G',
  `prefix_name` varchar(20) NOT NULL,
  `first_name` varchar(50) NOT NULL,
  `middle_name` varchar(50) NOT NULL,
  `last_name` varchar(50) NOT NULL,
  `suffix_name` varchar(20) NOT NULL,
  `nick_name` varchar(50) NOT NULL,
  `born` date NOT NULL,
  `gender` char(1) NOT NULL,
  `img` blob NOT NULL,
  `img_type` varchar(100) NOT NULL,
  `country` varchar(50) NOT NULL,
  `country_code` varchar(10) NOT NULL,
  `phone` varchar(20) NOT NULL,
  `city` varchar(50) NOT NULL,
  `postcode` varchar(20) NOT NULL,
  `address` varchar(200) NOT NULL,
  `email` varchar(50) NOT NULL,
  `password` varchar(255) NOT NULL,
  `created` datetime DEFAULT NULL,
  `email_verification_code` varchar(32) DEFAULT NULL,
  `email_confirmed` datetime DEFAULT NULL,
  `modified` datetime DEFAULT NULL,
  `last_login` datetime DEFAULT NULL,
  `wrong_attempts` tinyint(1) UNSIGNED NOT NULL DEFAULT 0,
  `valid` tinyint(1) UNSIGNED NOT NULL DEFAULT 1,
  `type_old` char(1) NOT NULL
) ENGINE=InnoDB DEFAULT CHARSET=utf8mb4 COLLATE=utf8mb4_general_ci;

--
-- A tábla adatainak kiíratása `user`
--

INSERT INTO `user` (`id`, `type`, `prefix_name`, `first_name`, `middle_name`, `last_name`, `suffix_name`, `nick_name`, `born`, `gender`, `img`, `img_type`, `country`, `country_code`, `phone`, `city`, `postcode`, `address`, `email`, `password`, `created`, `email_verification_code`, `email_confirmed`, `modified`, `last_login`, `wrong_attempts`, `valid`, `type_old`) VALUES
(1, 'A', '', 'Attila', '', 'Ódry', '', '', '1964-03-08', 'M', '', '', 'hungary', '36', '', 'Szeged', '6725', 'Futrinka utca 66.', 'odry.attila@keri.mako.hu', '$2y$10$2qBCNjBIDp1kw/agy7fV0.sW3sAJz/YKU.oLUL1.2SfcxroBIQLde', '2023-08-29 09:27:01', NULL, '2023-08-29 12:19:00', '2023-08-29 12:19:15', '2024-01-10 18:13:55', 0, 1, '');
INSERT INTO `user` (`id`, `type`, `prefix_name`, `first_name`, `middle_name`, `last_name`, `suffix_name`, `nick_name`, `born`, `gender`, `img`, `img_type`, `country`, `country_code`, `phone`, `city`, `postcode`, `address`, `email`, `password`, `created`, `email_verification_code`, `email_confirmed`, `modified`, `last_login`, `wrong_attempts`, `valid`, `type_old`) VALUES
(2, 'A', '', 'Nagy', '', 'Renátó', '', '', '1993-11-01', 'M', 0xffd8ffe000104a46494600010100000100010000ffe201d84943435f50524f46494c45000101000001c800000000043000006d6e74725247422058595a2007e00001000100000000000061637370000000000000000000000000000000000000000000000000000000010000f6d6000100000000d32d0000000000000000000000000000000000000000000000000000000000000000000000000000000000000000000000000000000964657363000000f0000000247258595a00000114000000146758595a00000128000000146258595a0000013c00000014777470740000015000000014725452430000016400000028675452430000016400000028625452430000016400000028637072740000018c0000003c6d6c756300000000000000010000000c656e5553000000080000001c007300520047004258595a200000000000006fa2000038f50000039058595a2000000000000062990000b785000018da58595a2000000000000024a000000f840000b6cf58595a20000000000000f6d6000100000000d32d706172610000000000040000000266660000f2a700000d59000013d000000a5b00000000000000006d6c756300000000000000010000000c656e5553000000200000001c0047006f006f0067006c006500200049006e0063002e00200032003000310036ffdb004300281c1e231e19282321232d2b28303c64413c37373c7b585d4964918099968f808c8aa0b4e6c3a0aadaad8a8cc8ffcbdaeef5ffffff9bc1fffffffaffe6fdfff8ffdb0043012b2d2d3c353c76414176f8a58ca5f8f8f8f8f8f8f8f8f8f8f8f8f8f8f8f8f8f8f8f8f8f8f8f8f8f8f8f8f8f8f8f8f8f8f8f8f8f8f8f8f8f8f8f8f8f8f8f8f8f8ffc00011080729080703012200021101031101ffc4001a000101010101010100000000000000000000010203040506ffc4003a10010100020202010303030205020601050001021121310341120451610522711332814291233352a1b162c11415344372d124e15382f092ffc40017010101010100000000000000000000000000010203ffc4001c1101010100030101010000000000000000000111021231215141ffda000c03010002110311003f00fb200000000000000000000000000000000000000000000000000000000000000000000000000000000000000000000000000000000000000000000000000000000000000000000000000000000000000000000000000000000000000000000000000000000000000000000000000000000000000000000000000000000000000000000000000000000000000000000000000000000000000000000000000000000000000000000000000000000000000000000000000000000000000000000000000000000000000000000000000000000000000000000000000000000000000000000000000000000000000000000000000000000000000000000000000000000000000000000000000000000000000000000000000000000000000000000000000000000000000000000000000000000000000000000000000000000000000000000000000000000000000000000000000000000000000000000000000000000000000000000000000000000000000000000000000000000000000000000000000000000000000000000000000000000000000000000000000000000000000000000000000000000000000000000000000000000000000000000000000000000000000000000000000000000000000000000000000000000000000000000000000000000000000000000000000000000000000000000000000000000000000000000000000000000000000000000000000000000000000000000000000000000000000000000000000000000000000000000000000000000000000000000000000000000000000000000000000000000000000000000000000000000000000000000000000000000000000000000000000000000000000000000000000000000000000000000000000000000000000000000000000000000000000000000000000000000000000000000000000000000000000000000000000000000000000000000000000000000000000000000000000000000000000000000000000000000000000000000000000000000000000000000000000000000000000000000000000000000000000000000000000000000000000000000000000000000000000000000000000000000000000000000000000000000000000000000000000000000000000000000000000000000000000000000000000000000000000000000000000000000000000000000000000000000000000000000000000000000000000000000000000000000000000000000000000000000000000000000000000000000000000000000000000000000000000000000000000000000000000000000000000000000000000000000000000000000000000000000000000000000000000000000000000000000000000000000000000000000000000000000000000000000000000000000000000000000000000000000000000000000000000000000000000000000000000000000000000000000000000000000000000000000000000000000000000000000000000000000000000000000000000000000000000000000000000000000000000000000000000000000000000000000000000000000000000000000000000000000000000000000000000000000000000000000000000000000000000000000000000000000000000000000000000000000000000000000000000000000000000000000000000000000000000000000000000000000000000000000000000000000000000000000000000000000000000000000000000000000000000000000000000000000000000000000000000000000000000000000000000000000000000000000000000000000000000000000000000000000000000000000000000000000000000000000000000000000000000000000000000000000000000000000000000000000000000000000000000000000000000000000000000000000000000000000000000000000000000000000000000000000000000000000000000000000000000000000000000000000000000000000000000000000000000000000000000000000000000000000000000000000000000000000000000000000000000000000000000000000000000000000000000000000000000000000000000000000000000000000000000000000000000000000000000000000000000000000000000000000000000000000000000000000000000000000000000000000000000000000000000000000000000000000025b24ddba8f2797f52fa6f1db26773b3fe99b07b07cabfabdb6cc7c727db75e4f37d579fcf759792ebed3882e3ef7f5309de58ff00ba4f2f8eff00f731ff0077e6eee7e59eaa698fd35f2f8e5ff998ff00b99797c78cddf26327f2fccdbbe8d9a63f457eb3e9a4e7cd87fbb8e5faa7d2e37532cb2fe23e1ac928b8fabe5fd63193fe178ee57ef970e1ff00cdfcfbfecc24fe2bc7f19a4f85f5431f427ea9e7bfe8c235ff00ccfcdd7c307cc9f2c6f6e98e7f780f7fff0033f34ef0c2b3ff00cdbcd2f3863a78e5b37f94babcdd03ddff00cd3cb6cd63848dff00f33cf73f663a7cce1ad4d7f76a83ea4fd42d9c4c6b787d75df38e367e2be5c9f6a96dfbd9fc063ede3f55e3bdef1fe6357ea7c326ee71f167d4e5b9329d7b6ef9f8e7b34c7d3bf5ff4fbd4cedbf88e93ea3c77ddff0067c7b3c79d96657e57d7a66797c9e2b71f96ff00934c7dc9e5c32eb39feed6e7de3e2cfa9c6ff77edbaeccb3c72eaca6a63ed8f873cd70979b6fa75c7eafc9be3c994fe69a63eb8f9be3faecf1cee39d97ed96bb7a31fabeb78cbbfb55d31ea1c71fa9f1dbabb9fcc6e7970cbaca08d86f7d000000000000000000000000000000000000000000000000000000000000000000000000000000000000000000000000000000000000000000000000000000000000000000000000000000000000000000000000000000000000000000000000000000000000000000000000000000000000000000000000000000000000000000000000000000000000000000000000000000000000000000000000000000000000000000e3e6fa89e3e24ddffb3e679ff52ced930cf5cf3a4d31f632ca633795d479f3facc66fe38daf9397d67cbbf96ea63f5771bc726b58f6e7f5fe6ddf8cc663fc3879bea3eb2ddff0056c9f6c639dfaff25efc786927d4ce3f6fff00d134c72f2e7e7f2d933f2e594bf7ae570b2755e8be5997a9b4c7cb978edb3567e62abcda376475cfc932927c24672bb80e733ab33fbc2c66c11d27c6f459aedcb6d7c81ab4974ced360ed2ee132b3db9ec9903772dde633f2d2c9be4d0133b3dedbb71ca6e77f671ab2f20dd9612f2b8ddafc65025d376db1cee362e396bb06b5bed35a5dcf46f60965c79c7fc97c996727ceef4d5fdbd5678b784562ddf4639dc6ba7c67c79ed9d7ab360d7cafbe57719f8c9af8e5b9f94b75d83a5cad9ff00849e6ce4d6f8637c9b077c7ea3cf32b97cf7bf563a65f539493e58cb6bc932df1786a75a99740f5e1f59353bc6fe2bbe1f5d75379cff003cbe5d9a73b8e5cea5d2a63ef63f5964e71c6fe6575c7eabc775bdcdf4fce63e5cb1e2dbf1759f53e4c2598e7c5f5790c7e8f1cf1cbfb6cad3f3fe2fd42e3a9e49d7faa715f43c3f5d38d6532c7f3dc54c7d01cfc7e5c7c9d5e7ed5d040000000000000000000000000000000000000000000000000000000000000000000000000000000000000000000000000000000000000000000000000000000000000000000000000000000000000000000000000000000000000000000000000000000000000000000000000000000000000000000000000000000000000000000000000000000000000000000000000000000000000000000000000001e6faafaac3c38dc7e5acecff0066bea7ea7c7f4f87efcb56f51f0fc9e5c7c996e4bafbe5dd16467cde4cbc99db72cacfcd635b85a97265a5f8f3d1627cefdd2e56f6a29b636a0dda9f2ca24a086d766b40358d899632f5c22f33b063e1c74cd9a76977175be340f3abadf07fd37fc39df1e53b808acef4a0d4ba6fe52f15cd665a074f8cace58e8f95fbadbb066715d272e7cef86e673d837299632f44d6b72eda965073d58733b744cb2066e5bf49bfb1b9ed2ce3b06a65be0b36e578f6d4caeb57a06e44b171bb5ca5d039efd3a633867e2d63f60672c79db3bb8ddc76d70cfc77e9062ddf24f26bf8a996e746a65d76a357c78e52d9ad473cb1e388d4de3697980e3654c72cb1ead8eb66d8cf1a0f5783ebf3f1c98e73e58cf7edf5fe9feb2678cbb994bee771f9be63a78bcd9f8b29961959603f578e5329b97715f23e93ebe6764dfc33fb7aafa7e2f2cf271d653b8a98e800800000000000000000000000000000000000000000000000000000000000000000000000000000000000000000000000000000000000000000000000000000000000000000000000000000000000000000000000000000000000000000000000000000000000000000000000000000000000000000000000000000000000000000000000000000000000000000000000000000000000000000038fd47d461f4f85cb3bfc4fbb1f51f5be3f0fed97e59fda3e4f9b3cfc99dcbcb6eef68b8cf9bc97cde5cb3cfbbff68c5b3530c319277b66d96fe3d31965ea0d19699a9bd44b445f633c9c834246a636fa04db52f29f1d76ba05b6de19de89405956dbbe195d02cbcafcecbc5675c273b0759e4f571ff62d958c725ec19b25675a74d72971073a91ab3da6c15a8c4ad4ec1b381ad01309671a3594e344962cbcf604a6576d6b7e8b8f00e5ab276cf32ba589ae018d9b2cd4641b9755d2597bae32d8bbdd075b755357b8c6d377d50749e5b3b8dcce5eba70b78e77fcb38e571bb80f4dd5fe59b8cee4e5cae56f2d63e406e6b2ed9f8fc65e17e5177b0631e6b79c9ad336467e565e7a04cbc7ed8cb1d3b4ca589640719c7e3f87bbe97eb32c6cc7c9cebaca3c9704ea8afd2787ea26524caf7d5fbbd0fcff0083eaa63e39865c652f197a7bfc5f5926a639cca6b7abd419c7d11c30fa9c2cfdd2c76c72c729bc6cb1514000000000000000000000000000000000000000000000000000000000000000000000000000000000000000000000000000000000000000000000000000000000000000000000000000000000000000000000000000000000000000000000000000000000000000000000000000000000000000000000000000000000000000000000000000000000000000000000000000000000004b75dbe7fd57d65cf2fe9787abde49f5df5732bfd2c3a9ddfbbe7679d9d516474de385b9f797a70cb2b7bf69f2da5e91532be98abc6f94b971c414d17f0cf2b2d822b527dd67c6f73b5ca4ee59fc033b916e76f4c7b016e56f69ba7b5022353a2681992b52ac9f65b8cfb01b66ae9740cc8d7465c2f16033f2e796a5d5dcbdb3631d03ae5fbbd39dc63a4ebfbbfddaba979ebf00e1fd3b3aabf1b1d2cc77fb72340e7f2e7a6f1cd7e32ce63370b01bf94fb26f9f6c7ee9e97fa9ea83732b1bc7c93aae532c75cd26ace41db2cb0b758ddb1a9eab171bad62cdf9e3dec1d2cd4ed9e18f9d3e40e9ae7a5f8e36713973c6f3c3ae39e58f324066e1cf6cd9a74cb3ff00ab1b0df8efe41c76963bdf1e16fedcb4e7978f2c6f301ccb35786be2925d811b96c4b35376ff0082660ded9e12e7b017e13b84bf7665fbb5391558ca2e9a901cf7a37cdd5d6dbb8f7b67fa7f6074c3ea3cb859acef0f4f8bebf3c6ff00c4ff00fea7a7875655d03f43e2faab709965378d9dc7a30cf1cf1de3659f87e67c59f930b6e39de3d6f87abe9feb72c72bbcbfa7959c7fd2258fbc3c7e1faec33ca78fc9fb33bd73c57b37beaab2000000000000000000000000000000000000000000000000000000000000000000000000000000000000000000000000000000000000000000000000000000000000000000000000000000000000000000000000000000000000000000000000000000000000000000000000000000000000000000000000000000000000000000000000000000000000000000000000026594c65b6ea4067c9e4c7c78fcb27ccfaafabcef77bfedc1d3ea7cd72de5789d48f9de4cee59dbbe6ffd91a9132caeff003edcf7babbe2ebb3f6e18fcb2e7ed0535f773cb2fb2659dc99d6c0df23531fbadfe046395e5ad90162554a09b36802c368035b19da8ad4b577b665360def50e6b2b281f1bf737f7595b80c44b8bafc65e93e3a11cbe2bbe796ee3769afbc04f8cee24b962bd2fc8131f2fc6f53fcb5f3c6de62cc70cbbb172f049d6607eccbabafc2d987e2c73fe9d959eaeba075be1c72c2658ee7e36c5f1e583331e78ba6a4f2cebc9bfc505c7392f31ade37ed5c6e5e4bde319f9d07a2f8f1caed2f831edcf1f2fdf876c7c9859a996e839ff47297f6d5f8f9b1eb974f94978a9f2a0c7f5fc9e3d7cb0965ed6f9bc39eadc72c6ff05bcf0c65377a05ca4df177f94f967bbae633d12e817e77dcd27ce25cb7d9c035f297b4f84cbaacd9cf07c32925fb817c79ce75c332d8d4cacfb9b9ee013295a9f86785d4d7141af91b674a0d4cfeedcd59b723e571bc515bd4b52cd3172bf726541acb1fdbc5d31bbad7a6fe52f1d2580de3e5ff008771b37f6bee57b7c7f57e49e3f1f97c77727194fb7f31f377a6b0cae1778dd7dff20fd0fd3fd5e3e5f1e395e25f6f4bf3de1f3cf1e56497e15f43c1f539e18cb27cf0fb4ee0ce3e88c78bcb87971de194bffb36a8000000000000000000000000000000000000000000000000000000000000000000000000000000000000000000000000000000000000000000000000000000000000000000000000000000000000000000000000000000000000000000000000000000000000000000000000000000000000000000000000000000000000000000000000000000000000000000578beabcf3e36dbac31ffbd77f3792497197aeebe479fcff00d4ea6b0c799f946a31e7f2ee736efac63cfd7f2656e52e57efc2e18ef795fed829b931db9656dbbad657e575e97398fcbf6740e7a591bd487404c2f7a5d68b9f1c31f2a22d19d9f2a0d334f927c804e5ad80cf2735a91740cf2bca905439fb35bfc2ca0ceda86ff0a09b5ddd76b2cb355340d63969d31cf1ff005394b27a5f963ff483b5b8b196318dcf44cac82171674d4bbbcb575f6072b67b8b33d75b6ae319b8c06be72a65cf2e7714e41bdd89f3b2b3cfdcd03a7f571ffa75fe5ab9e17d386a80ddf85f4cea7dd901799edac72ca71e98d9b07499ebd173dcedcf69b074df089335fea6fb9b048ba3e49f2035cb5bca27c8f9efd01ba16ecdf009a598dbd26c9740d73f6a426761f3d813a5d6d3e4b412e2966ab5b38062ddaed7518b2c06bb1995602ef86fc5e7cfc594b865afc7a619e81eef07d4ff00c69fbbe3bfcbe8787f50d67963e59fb77a994f6f815d7c7e7f8d9f29b92507ea71ca6525c6ee5e95f2fe93ea3e131b85de197aafa58e7339b9551a00400000000000000000000000000000000000000000000000000000000000000000000000000000000000000000000000000000000000000000000000000000000000000000000000000000000000000000000000000000000000000000000000000000000000000000000000000000000000000000000000000000000000000000000000000000000018f2e7f0c37efd36f17d4f975bca6b8e26ff00f29563c9f57e5e7fa7be7bcafd9e1f2e5c6327f93cbe4f9656ce7778b7d9e6bacafe384698feeb246bcb671e3c7a9de97c7fb31f9ff88c6bda848a6d64f7419bb4e6ce1bcb4c5ce63c4113e3abda5ca7a4b6e49a9ec0dec38f46d4348a02726ea9a40992fcaa69453e4bb401af91328c80e9329ee2fca39a83a7edbc6c986faac3531badccb7f8032c328cdf963de375f774ddfb1f3cbf8062667ce7d96dfbb36720dcce7b5f9471d1bb01d7e527b372b9ed9a0ebac6d2e3238733daccaeb906ef0cda96ed2ec46b696b3aa02ecd801b366800a8aa104105a8a020006c140d88029b005daed801adf2d6f6c1b06f7c12efb4976a09963f6677a6f6964a092aef69afcae80d32d6806fc7e6cf1931f9713a7d5fa3fabf9eecfdb9cbccbedf1bdb532b2ef1bc83f51e3f2e3e49c773b9f6747c3fa7faef965ccf8673ab1f57e9fea279bf6de339ebeea98ee008000000000000000000000000000000000000000000000000000000000000000000000000000000000000000000000000000000000000000000000000000000000000000000000000000000000000000000000000000000000000000000000000000000000000000000000000000000000000000000000000000000000000000000000000000000e5e7cfe38ea7793e27d5f9a797cbac72fdb8f0f7fea1f51fd3c2d9ce595f8e2f916fc6fe51a89cfce6fd7a5cb79e77ed6ae185f87cefbe930f77d0ade564927a8e7dd5cafcb2e3a5c31d734098ade39ad71ab965648e1965f2a0657774cea63dadcae3b927358efb117e49cd6a62b758cfca8ce8d55f97e1ac71b4199e3b5ac7c5f775c70e1b9e3dfb071f848bf0dfa77fe9f2bf0d22bcd70bf63e1b7a3e14f803cf70d7513e2f47c52e20e1f1a971aeff0014b8ec570574b86ea7c0189165d37f04f8f207ce1f397d1f03e3a037ca5bcf4d5c6fa3e1446778fb87edd2fc57fa741cec86b16ae3a6740bfb3db37e36f05896016cf513e5f881a10455d0322e8d020ba5f8a8c35ae16e2b31e018d1a6fe2b31418d15d3e097106348e9314f88303571e53409a1ad268105d1a0417449c820d5c4d0333b690a0769b54e80dacc93480def69595df00bb3689b06e58f5fd2fd4678e78cf73fb6bc4d4b6596507e9bc1f518f93f6eff00749feeeefce7d2fd4658f966f2d4df2fbde1f2cf24d7faa7fdd52ba8020000000000000000000000000000000000000000000000000000000000000000000000000000000000000000000000000000000000000000000000000000000000000000000000000000000000000000000000000000000000000000000000000000000000000000000000000000000000000000000000000000000000000000000000000cf92fc70cafda34e7e6bfb24fbd07c5fafcfe5e79ff004f8a6bfcd7935f3ca4fbd75fa9b7e7cf372bf27299fc71b24e6f1bfb32dba79b2f95f8cea70c65c631277a32ef4a2c9b5cae8dc918caff00aaff00b025cadbfc33bd707326ef77a84eb74424b95e137f1eaee972dcd7a491459bab31dd5c31f95d3d1878818c3c5f7d3b63871a74c708dcc5171ce61a8d7c63a4c4f88ac48963a6935f80607498926c1caa69d6e2cfc45624351d3e29f080e7f13e3cbafc5340e370e57e1bedd74b31070b87da2cc1dbe27c44719868d3ae92e00e571953e0ebf05f883cd963f766e2f56586fd31961af40f358cd8f45c59f85fb08e08ed7067e00e7a5934dfc4f8d0263b3e1be9a91d663340e131fb9f07a3e1b5980384c36d4f1ba7c1a901cbe1ce9afe9e9d7e1c2d9c0387c0b83d1f03e018f34c395be3e78e9dfe096063cf7c6cdc1e9b8f1d33f0079fe09f17a2e09f0079fe3be4b83bdc39e17e00f3fc498bb5c792e20e5f1d44b36edf08970070f8afc5d7e3c130f741ca63ca5c5dfe25c603cfa66bd170fb31963f80c7116cbbe9045961a455124e5bb2632cbdfa677aa204b657d4fa1fa8f978f52ffc4c7feef9b963f1cb478fc9978b3996175603f51e1f363e59f6ca771d5f07c1f536f9265f2f8dd71af4faff004df51fd5f1e3f2e32bff00754aee0080000000000000000000000000000000000000000000000000000000000000000000000000000000000000000000000000000000000000000000000000000000000000000000000000000000000000000000000000000000000000000000000000000000000000000000000000000000000000000000000000000000000000000000003cbe7cf79ebd633b75f3793e18ea7f757c7fabfabb33cbc3e3d59ef24ab23879f299f96ea6b19c4fcb9638eefb5deeb797ecf16bde48d39e37f75ad4d4c6e759c635f517531c27db76a8e7bdeed9d27feabcfda2c62dd885bbbbbd9dc46fe3b9018937d3b78bc76ff2d78bc7bcb9e9eac3c7a1631e3f1c9ebd3b4c74dcc5ad0ac4c5a91a915159906b49a04f66becba019e88d68d0334f8b5a340cdc5991d6c4d720c59c1f16f46818f8ae9a340ce91bb135c03326d74ba340cfc4f8e9bd126c1cee3ed9f8dfb3be92c079b3c2eb8ed9d70f55c76e79f8ecd580e3f0e19f8bb49cecd4b5470f82cc373578d3aeb4bf0fc88e330f47c6e397e1e8f82fc77dc0c7291d262b31d2e8318b8930f6dc8dc88ae7a3e2dd869067469a018d70cd8e9a4b0184d375340e7ae57e2de8b1473f8a58df26818b8a7c5d35c9ae41cec9b34e9a5d038dc7669d7496039e92c74d16038e53519936ed7ab1c72c77288cdc238e586abb6ed9d74ce594b398a95c748dd8ce950589a5414b25e99e56720b372fddeefa3f2dbf1c6e524c6eff002f0c6b1b6652cb659f607e93e9fea27966af7f7fbbbbe07d3fd4fc72f8ddcc72bbdcf55f63e9fcdfd49ab66feff754c7700400000000000000000000000000000000000000000000000000000000000000000000000000000000000000000000000000000000000000000000000000000000000000000000000000000000000000000000000000000000000000000000000000000000000000000000000000000000000000000000000000000000000000019f26730c777fc2db24dde9f3feb3ea7e385cfdf58ca558e1f5df5571cbe18f3e4b39bff4be7e38fc65b77bbf737ab9659739657b5cb2deb6cb49e3c65bcf5dd4f2e5fd4ced9fdb388e9b9878aeb9b5cfc73741a9fb71dd73b7e5972de57e7fc4e98ca6a28ce597cb2e3a3509395d5b78066cdf11e9c7c5abab3a89e1f16eeebd78e1bff3c86278fc7af4eb31d2e334d229a548b20a0a01a453d02280268d280814002a6c140054d0020a01e8216026b75af44504340025d55b101cee3ca7c659f975b36c59a062e34975755d242e1b024dc5d33386e6fec09a34a20cd846ef4cc144ad20250a403d255a8088d2021628086949c0886975b28268d1217b066ce091af440634345062cdb19e3f675d2580f35c6ce9cf39bf4f558e7962a8f2b35e8cb18e7f054c7336b963a6445ed7a4c635addd026c346b40ebe2ca4b665ededfa2f3658e7fd2cafee9ce1fc3e74beab58679619cce5e71bb80fd478f299e1329eda79be932e2e3eacf947a5590000000000000000000000000000000000000000000000000000000000000000000000000000000000000000000000000000000000000000000000000000000000000000000000000000000000000000000000000000000000000000000000000000000000000000000000000000000000000000000000000000000000000e8793ea7ea71c659b9a9df3d827d47d44f8dbbd613dbe3fd57d47f5bcdb92fc71e27ff00b3cfe7f27973b965fb67ac7ece526d1b88d6b9dd3e3a4cb903c997edc63571f861f1ef2bff0063c7263fbaf37d19737779a0c7f6ce19cb88e9d72cc96e5f3ff6035f0931ef2cb9bf875f0f8b99b5f178ede6f3b7ab0c35c81878f51d6248d234122c50340002a4034a002694042c5019d114ea81514d010d0a09a2aa0121a22813845000f40068504d1a5104d33946d018934d6d749ad5159b091a50674a00565694103d201b16620252aa7b067936d693409d55e034014b126c1644caaa5809b0a68008001da7b104d35a4066c66e2dd859c0385c37e9cf2c2ce9e9ac507973c5cac7af29bf4e596135db4ce39ce8de92a6c436d6f861ad6a6c19bc56e5dc675b35aa0fb7f45f51f3c7c7975f1926523e9be0fe9d96b0f26fab63eb7d2f9a673e17fba75f98257a005400000000000000000000000000000000000000000000000000000000000000000000000000000000000000000000000000000000000000000000000000000000000000000000000000000000000000000000000000000000000000000000000000000000000000000000000000000000000000000000000000000001cfcde4fe9e3c7f75e818f3f92eff00a785d5bddfb3e2fd5f9667e69861ce385efef5d7eb3eab2de7e2c3f6c9de5eebc3b98db623513c9973df2b84b7398c8c4c6e57f11ebf1f1bbc4d839677575130c6dbcb775b6a4d4159b3519d72e97935ae26b741cf5f3baff4c76c3c7f2fc4878b0ddd7a7ab0c2633a0670f1eb4e9a59162349270b21a50017408a51002282000000000276ba34044b54d720cf35ad1ae0d8a01a014a9a020a5a08ba450080001b011760214b404ab3a00414a0cfb29ecbd0081ec0e8004bc2c290105012d4de952405454a08b40199da9a504f6956f6020a900a91abda02255808cd62c74d3179072ceeb1eb7f871ca5cbb7aae31cf2c560f35c74c69e8cb1db171d55671cf1c78e52e4d64c684599356cd248b6493501dfe9fcb70c72c27593d5e1f36b2c24fee9d3e761751d3c7e4f8796657a80fbff0049f578fd44f8f59c9bb1e97c0fa5fa89e2fa9c33bfb7c7bd3efab340000000000000000000000000000000000000000000000000000000000000000000000000000000000000000000000000000000000000000000000000000000000000000000000000000000000000000000000000000000000000000000000000000000000000000000000000000000000000000000000000000012d925b7a8f9df57e6cb1b357f7e7c4bff004c7abeabc930c3ef3baf8be7f2df2796e566b8d4e52b51cbcd7f77c67f6cff00bb9c9f2ab6ff00b74eb8618f7ffb8a98e3cc6ef3753a3723372b6dd71046b52767cb7599ce4d4e20aba91ac30be4cedd7ed8ce18dcefe1ecf1e1ac67e022618ea6b5c3a1a54680200b0d080a69413da58a80b0004bdf072a01a00049b500001058009a500d07b51502a820ba40000174801d26d5340453d00960a800802a5004d286c045400004b1550128becd0322d013d0a681914a081e804152809d0a09b1500a8b50119bdb5ed044675b6ba2039fc58cf176d31628f367872e7a7ab2c7871cb1d2b35ce70b6ed282274d6d12cf60eb8499e78dcb9c67a7e83e83cd3cbf4f27cbe570bf1afcee3bf8ebadbdff0041f513e9fcfe2f1cfedf27197fed44afb802a00000000000000000000000000000000000000000000000000000000000000000000000000000000000000000000000000000000000000000000000000000000000000000000000000000000000000000000000000000000000000000000000000000000000000000000000000000000000000000000000005ba1cbea33f878af7bbc4d03c1f59e6bab9deadd631f2b3b7e5dbbf9fc972ceeef57fd9e7bce535ed1b5c65b263eb7b75b358ed70c678e6f2bfbbed3d25e67ca83195ba6b1c7539f6b24b973d4ecb973f9be80ebf96b1c2e77f098e172cb4f578f0d77e906bc5e398c93fddda4664e1a1a0a009a1488048a00500000036503d9539da80001c8a01e85d009a453a151574033ecf4a804ad32a025535c0268002845d02685a800002554a089cad012145012f6a760815670082decd02435c2c010566dfb02a696101342d3a0645282680040010daa68105d272054160274cd6aa0322d882254bf7692839e5371cee1eebbde99b385479739a61df3c5cac5465a93ee9abb6f197bfb08cfe3a8f47d1e332f2fcf2bc78fadfdde7cf7f2dbb7d26731f24f9dd636ee83ef7d379f1f2e3adfefc7b8eef87e3fadc7c5e5feaebbbad7e1f6e5dc9675552c50040000000000000000000000000000000000000000000000000000000000000000000000000000000000000000000000000000000000000000000000000000000000000000000000000000000000000000000000000000000000000000000000000000000000000000000000000000000000000000000001e1faaf2fcb3d4bac71f6f4f9f3f8e164bcd9fecf8df53f513c9ff0fc77f6756deea558f2677f767cef76ba78f0986332ca6f2bd4fb3586127eed68d7372bbd8d1dddde36995ddd1bfd9bf77a5b3e33e57bf500ca4c31ddeef53ee78fc777f2bce57d7d96636e7f2aed863bbba835e2f1fc79e36ef18c5b82b520be92d4500000050008b7b48b419d72d1b013d8a802a1d017b562b53a02f6be93dac026c54003b000050a009a50d007a17d03346b496007b100f61ecd81153d26e83481b06685504d2349a0255664d35b04176808a008b43d020b4d7009e80a01b004a17b0103a0004805ecd9a4d02a55e9012cda74d1419e348b6201595976511034a0cd89635a4072ca70e3963aaf4d9c6dc739b5895c6d5df096709be151a97739672deb8254d88d6332cf8df1f97ddfd33eaa79bc3fd3cb2df93c7c5fccfbbe0de23b7d1e570f3f8ee37e3f1bbd857e983b82b200000000000000000000000000000000000000000000000000000000000000000000000000000000000000000000000000000000000000000000000000000000000000000000000000000000000000000000000000000000000000000000000000000000000000000000000000000000000000000016c92dbe872f3e5ac24fbd07cffd47cf678ee32feef27fda3c1e2f1fcf2c5afa9cb2f27d4e7bf597a5997c31b75bbae196d72b2e531c7759cedb8e3e3deb779a4b3c78c93fbb2ffb4679b97e228ddb3e772d7edc78c71fbb33e577965cdb7fd93fe667a9c62e9addfc02cdbb61cc631c5d71c516371a898cd348a152a82453f8000201b5813b06928504f46d627b0534a92027b2f6b217b04e37a6b49d00a0024e6aa4e140e842d054a6d410f455f42ace929b00150029ae4f4088a006b69141958587a00d2000a9b00ecf6009ed7692802d013d01003d1a3d007a3da5ec167e0b7eecc681361493904a7a2c3d8251528091401150045405bd208054bd2a50675aa95a4a2259a58101595019b3872ce69dab19f30479b2e36c3a678f0e75a4669f66b5ba821adc74f0e372cb58f73dfd93092e36daed8653198cc7beed07dff05b7c185b7775dba3c9fa7f93e5e0f85ef17ad590000000000000000000000000000000000000000000000000000000000000000000000000000000000000000000000000000000000000000000000000000000000000000000000000000000000000000000000000000000000000000000000000000000000000000000000000000000000000000001e5faaf24c3e595eb0c76f53e5fea395be3babfdd97c52ac7cfc25b6e597756f7fc3526b8675bdfe0689cff002972dee4e9aff45d7778498ffb02e1fb675cd74c233b9b75f1ceb68378e3c3a48ccfb3720ab149c2d4540f47a027105a00916920289b5004aa0929ed744e0143d2028400ed175a58009b000ed014d0020a0a948bf64ea82cd9aa2029e916f40bb9fe513d2029b4fb1ec1437c808153b028a504040235e9968193d14051140a8b78a9b9a03d89b250534ba4004bb2c005404b7a0b0f40229d827a14f60978676d56682842dd0268ab39283295404d70cb552ce41001008a09a6726d9b360e1e49fb5e7af4e71c728a8ccfeddb15a9d25e95171ee6eea3bdcf0f1ff65dff000f374e9e3bab6f12f5c88f67d279bc98f9a6730bf9b7ad3eebe1e1e4ca616e596e6f893d47dbc6ef1967b8255015000000000000000000000000000000000000000000000000000000000000000000000000000000000000000000000000000000000000000000000000000000000000000000000000000000000000000000000000000000000000000000000000000000000000000000000000000000000000000132bac6dfb47c9faacf5f19adf1c6ff002fa7e6baf157c7fafb7fa98cf5116394f6995e1aeb19bed9d6e8d35ade38f1e8df3a5ea4db33b06f19cef4ed8b18475c71456b1c5b9c448a8a142c04ef85dfa3a49dec1a3da6d6006c012349a680454a02a00a1d8286cb101494e8d001b405f444b78282c589177f602f081b04bf936ba403b567f27b0585a14136858901bda7b3a403daa280400588004e3b4c8d9bd82459527002b379aa9ec05884054d72a7b04d1aff007550402826f95ecd2f501293a2a7a03d235b4045ea250005064b0d8025528268f41e810a00ca552f20ceb4741ec40280166e080c673870ce3d194e1c729e951c6cd62971b70f97a6f39c318ee6e7a5466b531bc2f931d4967559dd11ecf15931f8fce497d3ed7d2792793e9f1fbce2bf3de398f372bcfa7d6fd3edc3c970cb2dfca7fdd4afa200c8000000000000000000000000000000000000000000000000000000000000000000000000000000000000000000000000000000000000000000000000000000000000000000000000000000000000000000000000000000000000000000000000000000000000000000000000000000000000003cff00539eb53ed36f8fe5f25f2e772b247bff0054f35c32c30c7bb376fda3e7633584ddddbca56a2ce7197eed49a849f3ce633a3c9ce57fff00742a5c8c27b4c66a3a6101d30768c618ea3a4e9148a4e84534be90029fc2764e01552280b19f6d4001760400510a7a10dac4d12ea82d0da8a966c5da081a3da51578f6589daf608a9d127204e8d801d943d7008549b50545da5045da7a406bd22ef8480554bdaec13776bb450428cda0d6b911602545bda0abe8b1177d0113d96f280bb09393421b5da2de8029e9281b5da6b83a008a9d02a52d4df202d217a04a05040d1a003d1e8128a033ec0a0885bc80895528824586804528335cf39b8e96337a11e6cbdc63d575ca72c6bd348be3f8dc3fa795e6f4e738b6534df93f75997de08d612657f87afc1e6ce7966afcacd77ea3c987167e5e9f1658ff006cb3f341f7a7231e1bbf1617f11b564000000000000000000000000000000000000000000000000000000000000000000000000000000000000000000000000000000000000000000000000000000000000000000000000000000000000000000000000000000000000000000000000000000000000000000000000000000000000001f2ff005696f97c727b9cdfc3c7a9f29ae9eefd56fc27cfff004ea3c18758efd72cd6a3af8a4c3e5e4f78ce3f972f5cde7db795d638fdacdb94e6aab78c76c239e11db19cc0759c2a7b691a17ba86f481783d1d80449cd6a249a055d7087a0469140a545058002582f66804d72a013b5400000a8a828bda0050a01ec2a00742f1fe4103d80020153a29d81b5950de814a9b5a28a90d889b36be9980b0128aa84eca00a504ee22de89d00b19ab016d3687a114b11419d9bfb967259f805da694f4093ecacf55760a90d97b000a026cd8026b85a801e8914112c5f69412a56ab34108020228085012b35abcb39710472ce72e59716576caedcf25473ce6a4bbe29bff00853f9d2dd5f1d9ee3378f1e32f7bda8b1e9f0cc729df3f67936f47832d6fee0fbff4b35f4de3fe1d5c7e8f2f97d2f8efe1d9580000000000000000000000000000000000000000000000000000000000000000000000000000000000000000000000000000000000000000000000000000000000000000000000000000000000000000000000000000000000000000000000000000000000000000000000000000000000000007ccfd532c72c6ce2ea6bfcbc3ff00dbfe7874faecff00a9f599e3bde38dff00bb13ac7f0cb713cb7f7ebed2449394f27eef265fcb72ea480e9874eb8b961fdade22bae2dc6316e0ab535b162009dd5001009dae8d72a06800017404037c81b1101a117d022a5bc806f44014e894340510f60a00086c9000a80a6c8503d2559cc672dfa037e921dacbc68512c36a09ad2ed16001a00ed2b53a4a089cefecbd80750f4b5013982ed00bcaa6d7609a593800000043622ce4f49bd44e41552769be40bdafe52afa02f34364e80d870024806c12936d4404e85a7a0645012b2d54066a35644d088a5401153d8097a54a0e79cd573aeb5cef1559624e74c797fbb53a8eb671b72cfb51876fa7bf1f26fd6ba718e9e3ddce6bba0fbdfa767f2f05c6ff00a6bd6f9dfa75f8e7f0df3717d15628000000000000000000000000000000000000000000000000000000000000000000000000000000000000000000000000000000000000000000000000000000000000000000000000000000000000000000000000000000000000000000000000000000000000000000000000000000000000995f8e36fda2b9f9aeb1937ad83e0e735f55e4dddf3bbfcacbf1ce7fba7935979ad9febcf932bbcf2b3d32d97fbefe7959db3df2b8f60ed8d74c639e13975c7b15b8dfa6276da294f4b4809087b504a63f95d00a22c000005001274a07a4d7200002ac88a80b04850036022a00a81b0341b405125390048a06cda0085ed3da8a44aa011522800400da924064f6d54b0100806916d4d822cecda7b068401a13d9b010480b44ec10d726f4bbf69c5bc81ed4da6c159500f4b2693a5d826c5e1017d20004bce8e100f652a502f482e819a8b404454104f65ec02d654bd031976e7976e9974e79ab24bdcf563967371a97b859c28e5386f0baca5979674d61c672fd81eefa3cecf2e3ab65c72e5f6df9efa6c7f6cce6fe532ddfcbf43159a0020000000000000000000000000000000000000000000000000000000000000000000000000000000000000000000000000000000000000000000000000000000000000000000000000000000000000000000000000000000000000000000000000000000000000000000000000000000000f3fd4f364bd496d7a1e4fabb7f76aeafc68b1f1b1b2e76c9ad2f53f926331c72d5ddb4caf1232d25bf66fc7db1ade527f9759f680e98f0eb87f6c72c5db11a6a35de922c4153a54a09eda4914036002a00a06c054514109d00a800150144a02a5366c011404dafe50045a80bf83f0a02749b5013414939012b482a050089b28012e8f66e82ed771101ada44bd9ec1a10002f49ec1a4d0b7b064d28094d95340bb4b40021b5044d969bd016f0b004367b67dafa050950052202ec48b4000045677bba0504b40a9ed6f480545a805d692950412f4a97a048968026dcf38ddfbb395dc5470bc55c6eccbb48226698fb8dd9bc2b33b51e9fa7dd997eee31f4fd061fd98ff0fcf7d3613c9965356d98beefd35dfd378f7eb1d095d40564000000000000000000000000000000000000000000000000000000000000000000000000000000000000000000000000000000000000000000000000000000000000000000000000000000000000000000000000000000000000000000000000000000000000000000000000000000000787eb7398fcedeb5a7b9f2bf51cae587e2e7ca558f0cdcc26f6ce55bceeae98d6f76f48d2f8f9de57aea3a63db33fb31926a76d4f40ed872ef8c72c23acbf61a59db49268ed05000284e4125500176802fa4f66c82ac5e92000802aed9d9b05da06c01140450036802a5ec00a9a53b03dae9274b2f008ba49da8258be9280543de8a2959ed69ad02522a6800b385808a140d0000bad76021227b0169b3d1fe0002f009add2900434a6c19d0b52800b272082e900827b3622ce0eea54d835159978360b3b3b35ec016f485e81674cf4bbe1015347b00bf845f4976089a5012a2d410454a0895528239db3a74bd39e5385473f246676d66c5e046fa967dd88d63ca49aff751dbe96dc7cf8f366f8e1f6fe8f2b70ca65dcaf83e2fef8faff45e4df925df19412bde02b2000000000000000000000000000000000000000000000000000000000000000000000000000000000000000000000000000000000000000000000000000000000000000000000000000000000000000000000000000000000000000000000000000000000000000000000000000000000995d636fda3e37d765fbfc587ff00e55f5fcdff002b2fe1f1febfff00aaf1cd7331dd4ad470cffbb5ed9f25e2618f13ddfbb5e4e2dbf9d473e6d4575c75a9aea4e1bc670ccf4ebe39cddfd858e9e3e63a46719a8dc455a002820290001769d81f72f6002c4a0aa1b0440d82825a80a521e80d88a09687b5801428104340a8bad004e8f417b026d7d9e93905d275565019aaba4044690542ad66f406d6332aca0b17d22ca027b5b0bc01ec22820a6b80664e55600959edbb38668249a50f40967b2cdaa58089a5d006f493dfdd74807a0ece804d09b11517d2680d514f401b450367a10143601d44bd14037c14402a6d6b37b05b7840d88809a04152f60959ad56688e39f758ca70ed962e5974a898d58cf4dcbec170bf1ceefdbdff004b9ff65f732e9e1bfdd2bd5f4fb995b86b78c547dc12738cfe155900000000000000000000000000000000000000000000000000000000000000000000000000000000000000000000000000000000000000000000000000000000000000000000000000000000000000000000000000000000000000000000000000000000000000000000000000000000063cbff2ebe1fd4ddfd66797a97dfe1f6bea2ebc3957c5fa9feec71939eedff295a8e7e6e7c924ea4309ad9e5e3cb97e131e794575927ca476c5cb1c7f73be18fb15d31e9a891514bc2c4a6c1a48000bb400000200760ceed054d9d26c153937c1b14366f7394d8345a92aec136acf11760a9b5dc4e80dfe1525da80bb4b36b20074ba404586cb760a7f84504efa5d1a0159ad33400ee20aacf3bab7a3a04f89a6a2504f7a59add245d81a4d72bb3fc826b4a2494453de916402f07a2f47a049cafa5de92826917d27e40df297ae16a0a97b4df2d7a64152aa5b76027b597866de440f7a2d4068677aaa0a26cd82c125360a27f06c14f4cce392d0513737b4dcf40bb40100402fe115014656de412a55404bd26b85bc9208c58e397b77ca70e3928c59c4274ab8d11acbfb25fce9e9fa4b24bf9e36f27fa719a76fa5b71cf5f7e947e870bbc31fe15cbe9b2f97831fc70eaac000000000000000000000000000000000000000000000000000000000000000000000000000000000000000000000000000000000000000000000000000000000000000000000000000000000000000000000000000000000000000000000000000000000000000000000000000000000387d5eef8e49aefdbe27932cb2f3656f78cf8becfd56531972bd638edf130b7e32b35a8be5ddf25b3ab2126b4d59ff000fff00563c5fe19938d7d8577f1cf6f463fdae3e3ea7e1dfd0aba6b48a8a961a5000504d81e8034009d2eca809d8ac659cc7880b95d4e2b9dcf53525672cf7d44b6e81ac7c925e4b97d99927b2e52035f3e35ed2e6cdb3eecfcecea03a4ca3732c7eee3bb6749cc9ca8eff00287c9ca67aed9fea4dd0d77fea44f9bcf73265b9d86bd1338d4b6bc973d731a9e7bad7a0d7ae6e2fca38639dca714b9582bb7cd6571f9ee6e6aff0639ff20ec3132fbb528373a19a7cb7360d1b4d9b414acef95df001e97da027e1697a3d006edbcb356760bb42a826daf49e880b20b0066ce54d0054d2a017a4978292013a2e889977a04d17286594c71ddba91c6dbbe7b074dc66e5a71cfc937f0979df3af5164d03afcb67ca39ef52f3a67e5688eb6b36b9d9c76ce5949ec1d6d4debdb8ff00577e93e73ee1aef33e5bdf0f27f527b74c7c935c50d77de92ddb1f3964b0ddf40d6f4bb625d80decdb1f29d1b06fe5a4db1bfba4bf9074b52d67e5b9ca6f9074d8cce635014d959050405bf64a54052f0008008cd72ca76eb7b6339ed47135c2f750459cc75c2ea7e65e1cb1feeb1d719ca8fb5f4778ca4bbf6f4bc1f439efcbd6b78fddef23340150000000000000000000000000000000000000000000000000000000000000000000000000000000000000000000000000000000000000000000000000000000000000000000000000000000000000000000000000000000000000000000000000000000000000000000000000000001e0fafbfb73c7efaff67cc967ceceb5d3eb7d6e3b996e7adc7c9ca6ad65a84cbfe25cbfdd7e3ace6babd56271cba78af366b8fb0af4f8e6a3ab9e138758342d49d9ed052148005405454f60a0940da5ba2f4e765d026595b8efd7ddcede36b6cf7fecc5bbbbb7880bed6de18db5b9672096d9ed38a65a9199546ba896e8b94acd11ac73e13e7b624e76b2402da4e4b3866f00dfc3873f8feeedad6e6e54937d02f5d33ed6dd76cda0d6eceb2d7ddbbe4bbd39b9feef96f9077dea717fc2ef778ae56f5575ae65efb15de6596b532dd75c7c994937dbcb72cbc7771db1cbe5373d83d18e6b8dfc3cff002b8f6b3cbceaf02bd5b962771c665e9d360bbf55ac7a677c72b2ea0348220a0007b125e41aa87a003d002c5637cb5b05dfa4ab52e804a70027a5b7a4f5a677fbe7d81bbff972f96fc9949ebdb59e5ac2dff6630d632dbfeca33e6bfba63cdbdff973cb2b8cbae6fdd30dccb3f265ce57a66e5cdb505f1e3f193524bedab7e3c46665f2c65fb9f9daa2e565f5fc44dc89da5a0659cfb39db2ddd4cb367e3959bd6a7e446b5bfed66cbf631cecf5cfdda9ddb6ec19fe537cf0d6e55964c75ae409e4d717974f94d6dc69ba0edbdf32f24cecef96259f7d35b9ec1adcbcc37c6c937f62f006f6959bf84cb7a41a9bfbab9e39adbc6c57497e2e92ee384bb9f96b0cb9d5e283b45ed9962ca0545a809ec14129f85fca00b116742337b6739c56ea653851e7cb8bb4ca6ad6b39b3c9ce38d11cf1b7e723bf8acf9e532df17d3863fdd2bb6175965551f4fe8b1d79b1e77a9797d17cefa0bbcf0fe2be8912802a0000000000000000000000000000000000000000000000000000000000000000000000000000000000000000000000000000000000000000000000000000000000000000000000000000000000000000000000000000000000000000000000000000000000000000000000000000003cdf57a925bd3e4797fbf3b7dddbeb7d75fd98ff2f95e5feebf965a8e37ae1dbc5c396b875f1fa15eac38c79f6e8c63cc6c680105114000100054b44f4095cb3cbd3a65753f2f3e52e596fa04b96e76cfc77dd6ac98ced9b6dd71740b64f5492263add9a749f1519f8ed2f8e6f8bc37aabf1071f8f3c52e0e971932d7dfa493ef41ce48bf1baba74fe9cbd131b28397338cbb67532fff004f4fc259d39e7e1fdd2eb57f00e327c3dee1ad5b63b7c6cdef166f8e58098feec75e4c65f72c32f0dd71fe2b3fd3cb0cb8bb8de3729def40e5df5dfd8e665ab3b76ca6379eb2fbb39f1265f6ee7e01cf2c3537e964fdb38dc59758f3ce3eab58ea65f8bc826b78c9f64f1dd7557c92e3e59abde2cee617794b7ee0ef3578bdfa633c263e5bf1dd927fb53298e13e52dcb0bd3784bf0d7f9a0c61e4d67cde2f4edfd4e5e59fdf3ed5db0b65b3ff00f68af46396e353271c3f76fe3c6bb8bbb8e5cd41da64ae7399db52f00dc4decd80ba24e4f675409d94da505f46f843d011a622ef805da53494165e57eec97805f4e72eecd751acafc7c595671ee63c6a28ce597197e1cfc995bf1c71baf9736fda2e57e535ead4ff005e5f69c026f52d9fe1c2f326139b9775d3cd6e38493fdd2637e526ba9045b96a4fb44ed9b7fe2fc64e1bcf2f84e012dd63c33ab49ac71912dbbec19ca497b24b7bfed5f8fbab6db3744633bf2bfc258d6b96b1c6dddbd03131e0eb891dbe3c249af40e56ddf496ddf4eb94fbc6372f40c597b25ad7680d63b937176932b384f94d7e41d2497b3e32394cecae98e5b80ce58fb8cf3edd75b73bb97a15ac67fd96efe52b332e5bee20b32b3b6f0cb6e3bbd2e397c6f20efb1899352cd01a17680b3a0360cb53a458233694a5072ce7ee9f666f387c7de377b74ca73b73bc656fab1518ebfc37e3fede6cd5cb9632e2cbf75c6cb2e3f807d5fa1de3f5131f571dc7d37c9fd3bf6f9bc732bbe351f5963340150000000000000000000000000000000000000000000000000000000000000000000000000000000000000000000000000000000000000000000000000000000000000000000000000000000000000000000000000000000000000000000000000000000000000000000000000000001c3eafc733c24bf77c8f2cd6a5ef5cbecf9ffe55bee72f91e5c6cf27377729b895a8f3dedd7c3fdce5eeff002ebe19bca22bd7e3e9b671e946944540f6ba0800009a2a9418b749f2ff0064caf2e79793905cb3de575e99cab137addbdd5e6805ddefa5d70cef2f53851661364c74d46f5be340c4dde2d6b1dcedaf84beb9fbac9b9abd8265e399c9bea313c765b36e97e78faf9437b9f90498e9649396a5fbf6bc02714b3ec4d6cbbdf00c7c7497c7be6715d75b9cee1a079ec978ca33ab32e7afbbd196318b8fe38073be39feecdf1f1a91df53d9a07924be3e35c44f2e1ab8797c7fe63d59e1d658ce7dcfc39dc3538ebec839639e3967ce3f1bf6ade58f12cd6f7ff63c9e3f949b9ab3d9cf1f6519fe9db87edfed97723572d6396fece9ad5dceac672c66b77dc15cae3ff0b0b675c70e984e3f8671c6e5e3b8dadf8e7c6c9503577f2c7fba7fddd2ebc986bef19bac7c935d65dfe1b9357700f1fd9a9ed2c932997dd67b06a727662a0043a00d8009bb4b764e80bc537b4bcac05bda5a5bca6c159cbaabf94caea02793f778eb3e5cbe3e2cacd6ef13f94b96f71329f3b8efa9ca8927c31c66f989af8cc31bdde6adfdd7f1b2f76839f939bbbf759758db6f4994e254ca5b3423186ffa9f2fbc5bce52de744ddcf2b38c6710ca720cd9bab8c357d3771e3501cf9b4d5bc7a74c7c6dcc24072c70f51d261afcb78e2de8472d33970eff0019a4986b9070fe9dcaeea7f4b4f4dc53e20f35f1ff002cff004bf2f67c6698b8fe01e59e35b869d6e2ce5859aa0e7f0dfa6663adef874cb7ae6a5c760c6ecbdaef753e3ae0f88ab24bc2738e5b8bf04bb05f96e2ea6518ddf6d7e6035389a9d378d63b8b8dd5e5074daed9dee6e00da6b69b505a90013d8be99b791132e9cfb6f2ac7fab854633e25fc5671d7cbf9e1adef0cb7ed3c7fdd3f1c83e8fd265bbf2e3f6e534fb0f83f4d6ccb52ff73ee61778637f0b19ad00a8000000000000000000000000000000000000000000000000000000000000000000000000000000000000000000000000000000000000000000000000000000000000000000000000000000000000000000000000000000000000000000000000000000000000000000000000000000ce737859f78f93f5735f0cbed74fb0f97f593f6e527fa6ed2ac7824fdfcba7838f26dcedeebaf8b8d4469eb9f854c7a51a501050000672a0bb672bc2b97972bfda0c7932b789d31274d496f0bad5049873cb7fb71ea16f04c2defa04f959d42dba74c70d7e56e1b51cbd6f4dfe492eb55af8f1f80217579dea9269663b04df2b66d645e819b344b2f0d706b9d8126950efa02a5a68804e544d825d255b384d0152c8a9419b8b1319bbbe9d6fa4b107293e3c7adae7cebed1bd7049c0ae5ad793293ab16e3a9bd6a2fc7ffe8d67ff002f29defa80cd9bcbf11bfbc4c71d613efa2cd6a82dfed8d4e2333be5abc82e2d27b5f602e90d817ad272a807a4d94e2503d1ed364ba05a44282db19a97837ba0c59a32de38ee197f6d4c8165fdac5bbdb73a675c5544b36963680cff006c4d6efe1bee9ad7b04c715e161ad811a90c67dda034ba4d35ae20248b7a8d689019d7256aa6a6818b2fa67299d9a9969d62580e5f1b27359b1d2f3d31650634bf18d5c6cf49418b8c8c653eceb59a0e57eecfcbeedde5cf280992ce99d2eac06bdb5188dce7841b9f85959c78e16034acc5a029390065a644672bc316fedaeb9f38b8de2554635af1d4c7adadfecbf9a98eba07abe9f73199fe74fbbe1bbf0e17f11f0fe9b8f9e1be38ba7dbf07fc8c3ffc62c66ba00a80000000000000000000000000000000000000000000000000000000000000000000000000000000000000000000000000000000000000000000000000000000000000000000000000000000000000000000000000000000000000000000000000000000000000000000000000000003e6fd6ef1cbc97d58fa4f9ff5d8cbe4cf778fe9ed2ac7ccdc75f0cdddb8ce5db1bacb1c67751a7af1e9a8cc92711a83410220a54a5019bdeda4d6f90672bc6a3171fb3595e58b75c7ba097727eded3597b2cdcef44dceb2d82c8e93fecce36fb8df60b2fd9768285e4c78efa58ba9013be975c269601ca8a0693f06cfc806b442d013a0b4116a320bb3b13a02a55402a06f40be92c366c0938fe0366c54bccb16ff00e035b412735a34a0a22ec144281749a501394c9a4d7a064dad640566d2502ce44da5bb032bc54e8b52d0512d36a8a953602fb06a4046a4246f18048d48b22833a555d027e53e5cade999d834ceb8e7b6a76cda01d9f84024d33a5da03395bfc31f9bcb79729a060d3552c073ca6dcf2c78eddb519b7f00e3f1aba6f459f6063f935ae63563177e906f1bb6bdb9cb77cb7df20d45665681604041152d0672e9c72de9db2e9c6f3018acc6b5ca59ae951eafa7b7faf38e3e0fb9f4d77f4f87f0f83f499fff00c8c65eacd3edfd0dbffc3c97fd36c58cd7a00540000000000000000000000000000000000000000000000000000000000000000000000000000000000000000000000000000000000000000000000000000000000000000000000000000000000000000000000000000000000000000000000000000000000000000000000000000001e2fafc3771bf8b2bdaf1fd7cbf1c7e3fc582c7c992cb71fb76e9e2d5cb7ea397572b3dd74f17f6ea77b65a7b31fed6a338f38ee343405101517d02336f0d6dcbe53e576099711cece777274cbc98e3f9b7d39499657794d7e01b984ad4c7498ea7ddb97a059f85d509b039548bc7a50d2eff0008029225ecf9035bd44f4cdce77b73cbc9c7ed076f927ca38ccb3a4c6fbc8574be492f65f24f5cb3f0c6f6d4c31805cd8be46ae319b8c04fea1fd4fc1f14b3841af9c5f94fbb9e8074ded2b1fc55995d08d8ccab282e91767a04151422a28a2a2a0aba49d2e8129adb5a580c8ba2404d15532a0cd66f6d699a0974cda5acda0bb4b536cec1aa6d9d93622ecda74d49b50262d48d480923504f60deb86b19a6655f903536ac7cf5132f24fbf20e9be4dc71fea27cc1d2dd6cc6f0e57c96fa4f9e5f680ef3a66d71fea65cf0cff56fb80eff0024f96dc6f92e9667f907536e5738d7cb7340d5acaecd82255a94119b3f0d5018b12c6ab3ad833959f762e577d3adc2317193da09dac491bc41ac670bed98d02c2928058cd69910b7f6d70cbeeed9755c3204f69ed2707bdaa37e1b667bf72edf77e8b297e727bd57c2c6eadb27a7d6fd3f39f2c275bc74a95f480564000000000000000000000000000000000000000000000000000000000000000000000000000000000000000000000000000000000000000000000000000000000000000000000000000000000000000000000000000000000000000000000000000000000000000000000000000000793eb6eae1e9eb7cff00d47f7619c9ea42ac7ccb2e36cbdeeb7e29cff9673bf3ce59f69b6fc3fdd7f0cb4f661d34ce17f6b48d2f613a4050404cba72b24bc3ae774e56eed92833edbdebd27c67dda9202c5d4491740b04e8defd00b04d829b66e4e79793ec0e996531e6d70cbcdf2cbe38737de99ce7cef2eb86331c6490563e16dfdd6b7319ad48baab281382d37c92f2a1dacbaecd7e098ec0b9709b32c7553a8099657a27b4a96e90542d4d828562de41b8ac4c9a941aefb69895665ce9468011341b2720b14d00b1596a22ac542035a41413db35aacd062d62ddb7939de019cab16ae55ced06be4891bd08923721237228ceb6d48b22e808b6c434016c8c5cb4cdcedcb58cff00341bb9c9ed8be5b7fb31b5261cfeebbadea031ff0012eee594e7d44c7c727bb6fe5d369be455ea2ce092fd96e36f4097a4d35abd2fc7501caeab363afc38db371e2a0c4d52e3be493dadba062cfba733a6aeb69b03fa9ae2b532e58b3fca5e0476dfe4b5c2792cbfb9bf94a0df6448b3850f48a20cd62c74b19b37ec18e09b6a4917d03336dc4580b1522ec066b494466f5b79ef6f465fdaf3de28336f2bae199cf2bbd5691a938fe5f43e9f2f8fc75de3a7871bbb8ff2f67878e107dac729963329ccbd2bc1f4fe7fe95f8e5fdb7fecf76394ca4b8d965fb34c28000000000000000000000000000000000000000000000000000000000000000000000000000000000000000000000000000000000000000000000000000000000000000000000000000000000000000000000000000000000000000000000000000000000000000000000000000003e77d7732fbc7e72d7d1b649baf9bf5337e3f2eff00d58f1fee9563e7f59656ce2de1ac38cf718ca5deade9719bc91a7bbc7fdadd63c767c5b468f440029e80119cf0c72ee426edda8333193d3524d2cd68d026b44da8013a3b40566dd44db39504cb2fb317bd35aa966b914c71bb6e24e9601d29c33979248a37ae394e25e9c72f36a76e79f9e6a6b7fc06bd7967a67fad1e2febdff093cb6e5d89af6e5e597b4cbcb8e5d6a478ee5e4bbcfc7bca6b7753a73feadd7661b1eff944cba78a79f2fbb5fd6b6ecc35eb88e38f9b72378f9273ba8ad7496ef45ca5e0d740b29af719d2f20de396fb9aad461a80ded77b64da8bae5633bdf44dec46fdad84977b5065a655155adb31a901747a5938404bd335aac5a8319b9655d7272c81cb2bcb339ab976b8458358e2ba5908a8d631bd18ce1b9018f6ab625e8119cb2d4e8a9a82b3ab7b5d0a0690b52e53efa06a426a573cbcd8ceab95f34b7b07aee5253fabab7978b2f3657a8c7f532f557135edfeacb376aff5a49cb8f8be9bc970c3cde5f1dfe8632dbabcd8f1dcff0075f8ff006ef8d989da3e85f3cd71da7f53735f77cf99ddb7f2b79d98baf77ce4e2d959b96de4f9dbdb533bf7435e8b258994e1cb1cf975b96e031a6966932e2a0cd9364e0e96451ac5a9599dacec1a8bb49174032d220ce8d355201a14b00f40016709e9528335e7cbb77cfa71f24f6239ef535ed16767b5475f1d935c731df0ceddd79f09baef84d0b23afcef0efe0fa8cbc5971d7b9f779e2ec5c7daf1e733c2658f55a783e8bcbacfe16f197fe5ef6a395f800000000000000000000000000000000000000000000000000000000000000000000000000000000000000000000000000000000000000000000000000000000000000000000000000000000000000000000000000000000000000000000000000000000000000000000000039f93cd8e1bf77eccf9bcbf19f1c7bfbbc795bb4b5a935d3c9e7b9eadba9f672f27931b8dfb59aa966f7b72ce5f8a6b5d5e6b359dc7bd71b6b19aa4d5c6ff00b2f8e7ed11eaf17f6ba39f8a6b09feee88d00501516026b407b05452c044aa94045a80959b1ab79d20a9a66f6bbfcb19d05ded2f92633d39659d92eb9ae5bcb2bc737d83adcd9b9dbd46b0f1eecdf4f44f149ea35896bc39cbae7b62c7abcf8eb9d70e1f119d5f1782f971cf596ae337a63e97c3fd7f2e18e56e38e775b8f47d3f931f1e1e6997794e2b863f5771fe96bc727f4ecbc7bd2b2f7fd6f8bff977d34bf4f9e5acf2f8e58e5abb9a7c77a7ebbeaefd679a67ab8e326a63be9e6b5431e2f2ef863bdbcf3b8f6613f6c4a4498c6ffa16cde397fbae9e8f1e3bc6235af2658e78d9b8d6367baf66584b3979f3f0ce75c7d931653631ab38fb2ed1a748b2d625e1a9ce856f448b877a7598ed519c716fe3ae5ac2495bb8c11ce2e8b394d8339701445234cb40454488159cbb5a990ae79572cdd3273a0e594fddb6f1672e6b58f4b1974d18e2b1bc228d618b762e116c80e563393a6575c39dbc8336216b3f214b7496ed9cb2d316effb79fe146b2cf4c6b2cf7f19bfcbaf8be9be56df25dcf523d3878e638ebd554b5e2cbc171c3795b7f11c661b7d0f263c5ffb3c7f192a33adfd2e1279f1b7ad571ce78b1f9db96f29b923b7f0f379b1de5bf6b12bd7f5bf5932fa3f0783c79ffa7f7ebff0f9c0a83a6137189375df09a4a24c396f0c7f772b8b7222b9e5e3d5dc4de53b77d39e711a63e5a5f9dac59cf0ceace4575f972d7cb6e32efb6e5d4075c5b8e52f4e9bd837163316402c34a6904d0ba2826917d202e93d2a404a5e8b3650672e9c33eec76cba70cbfbed11935ca5edac62a3a78fb77c671cb9611d2708d366b84ecd8ae9e1cf5e4e2f5aafb32ee6df07c396fcff007925dbeee1fd98ff0011a8e7cbd6805640000000000000000000000000000000000000000000000000000000000000000000000000000000000000000000000000000000000000000000000000000000000000000000000000000000000000000000000000000000000000000000000000000000000000000004caeb1b55cfcdff002b207933cadb7f2e6d6f752c65da26b6ce73f6b70ca715078fcd319e5bf0e265ce93c77f6e52fdd7ea2658dc6f1bd68c6dbe2c6fbbc5566bd5e2e709fc3558f0dff8727b6d157d27b5f602fa2245f605229008ba22f20cb2de9283153734d566f40ce7ded8b958b976cde85672cdcf2cb26ace7835aec1cbe3dedbc2c98ea49db56f3ba7c7ec0ebe3c76edf171c32f8bbe394b386a315c7ea70de0f247d1cb1dce5e1f26170cf562a39ddce63cd96165b674f5eb866e3b868f1de2a76f467e2de463e19ee1a98e7e2c3e55ebc66a261869b90ab0d731e9c2751cbc78eeeebbe335ca0b670e79c75b5cb3ca6c58e79495cace5d76c776a3a473fdd249d4db76e58fe76d77a2f8ed92da818e7719373fcbd3e2cb71c71f16f192e4eb861a54af463234e78dd2fc864cb4c7b33a92df62953651148b489ed15536bb4a05e98caaded9066b1637939d062f6b8949daa371dbc7638ce9af1dd6d51e9952d6267c56b7b80e79de2b8db7fa5f2f9f3be9e8b8b9dc27da0af3e59e52eb4c7cb3cb2f51e8cb09bda7f4e7d8567c7e399f971bab9e32ef29f78eb978fc58f9f3c7c58dc64bf7670b978f2f9617e397ddbcbcfe4cfe38dc70927767faaaea56f0fb3ac9c3cd33b39759e6fc2b3635963c3c7e5c3596dec9e495cfcb8cca70263c9e99cb1dfa74b8eaeaa5447973f1feee3a67fa75ebd4bcb3752f4a8e58f8f55d344edbf483323ac9a898c9dd6ef3d0d48cf123166dd3496488d38fc792cfc3a3341cbe248d55910246e249cba4c41716e312378c055d0a0ce92ce1b8cde019b12ada940bd26b85f497a019ad2640c67d38653f73be7d38ef733b7d710473bdb7839fb76f1ff7291d716bdb33b5df3a469bdb9797c9f19a9fdd533f249c63cdff00c3978f1be5f24c77cdeefe01ebfa1f17cb297de5fb5f7bd3c3f43e39f2b949ac719a8f7351cf95fa00ac8000000000000000000000000000000000000000000000000000000000000000000000000000000000000000000000000000000000000000000000000000000000000000000000000000000000000000000000000000000000000000000000000000000000000000000ce73e5859f86807ccf24cbc777de2d6f7258f4f9f092eff00d397a7935f0baf4cd749756f04e7b52f08d3cbf55ce57ef35238e36fc75be36edf53bb9fcbef1c31e952bd7e0bc3ab9f87fb75f67440d0a018ac200bdae9006a04e8044a7b4bd825bcb196dbb8eea5c41cee3c9f1dc74f8a580e5f18ce534edad46329ec572d70b26a2d9b9c2cdfb0273d352e93be6136a3a4cefb67c92673984c6dd22ea63cd963711decdce99be3e25d69131c2eb4b3875fe8ee5bbd1fd0bf7bc4132b0b8cb6b73c5a598dd702e353522fcf84d71b3f02e1bb7db3b9be5535b1644b39fc1ae541599dbade74c2ec4748dcae52b701d0da427622e53866ad4bc8326d2ae91a5437a4ed05d7d8df06f8402b34c99a0958ad6d9a09ad513dace445c6b534cc8d4d28d62e92b9c6a5546bdd5bd25d53d6812e2cfc75c37f62f60e76171db57941599164d2cb1418f5b273174b671a80e771f933fd39c7f2efc75a66ff007ea0991cb2c27eed6e4df11cfe1973c47aa4ef7d24b31b25e757618f34f165edd278e4e7b6f7bb6fa2dbf1967b0c675a5da656c4b60a6f866ddb5dc67483397e13d3496720cc9b6e431c7974d482338ce5ad6ba58ba15246e228813b345fc01a2afa4b019d22d4f609516b37b02a17b019c9cbc9c4f5cbad9c3967d88e51db172c7b75c148df2e79e77a9c376f0e179bca3508f5fd1e1ac73f25937d479719f67d1fa5c7e53c587decdac4afabf4f87f4fc38e3ef5bae80d3900000000000000000000000000000000000000000000000000000000000000000000000000000000000000000000000000000000000000000000000000000000000000000000000000000000000000000000000000000000000000000000000000000000000000000000000033e4c7e5858f16737cbdef1f926be53ed59ad7170f6b7a3f93d6d1d1c7cffdbf2bbd48f2f8e4f96af4f6e567c33966e6534f1613562a57afc1c78e4bce9d76e7e2fed74f682fa27600a6c4056a331760aacb5e812b3796b2e8c66809384b1a404b12c6ab1419b12ce1a66f60ce92c6e92685675ae11ab08a25cbf6ebfca6fd9ae692720b3da4ca757a5d5dd498dd037f297886165dcb75c39f57f0bd6c0defb3f8a92eefe17409dc4bdb7a62f60a8deb84d039fb6b4bf12ce0124dacc5709cf2eba9f606719a6934a207b00566dd2b37b412aa1da34bdac65a0672bba9a6b49aa0cb3946ece3f297980e7596b29f662825252a03a6d24e5256951a8a91aa0b396a5631baadf1e9517da5ef80a0ceaef6aa7b062e3ed37a74f4cdc60a1ed75a4d027a73d5db77a4807e19bdb72194063d5e539f8c9be235ae3f27409670e771e5d93e2831ae11bb19a0cd849cb527092720b2165f4d2c8098c6a269a003d001b1105b7837e91360565ab784512f4cfe56a08214066d72ef3b2fd9d729c572c27efb6fda88e73875c7872c796edd415adfcab9ebf73a63135fba8ad618be87d163fbfc53f2f1cc75387b3e87fe778ff9ab13978faa034e40000000000000000000000000000000000000000000000000000000000000000000000000000000000000000000000000000000000000000000000000000000000000000000000000000000000000000000000000000000000000000000000000000000000000000000000003c9e5fefcbf97ade4f2ff007e5fca56b8b865d246af4cc9b8cba927eed4eef0f0e3c6794b35ae3fcbdd65ee7a78bcbffd5792ceb819af4f879c23ab9f87fb7f1e9d0143d27b0500554d9e8f60d6c951208df6bb6600b5366574cc06a5fb9794ecde812ce18ca7d9d00624e0bc2f468134cc9e9acb8665512e2b235a4d0a02504ba66b5f1bbe5640631c5bfe23521a048cebf0de9418b0d35599bd82de8d1a59282cd049f72fe0436249a014b52de19bb456b6cfb37c081e8828a91a8cc6f104a9edaacd9c82566b5626b8072ac64e9931419a8bada0351a8c4adc05deab52b3dace1517db52b1ed6760ebbe19b6acb3a8962a35399ca68c6b5e819859b5917aa0cebee69aa80cd896373a4b3b063469792762b3a4d3767d9340e6b5ab89a419d26b4e910185f8aeb935c80697401a4bf6699b375022e9246b609d216f001b4a5ecf4076cde14066f28a8a897b225e004c9cf1e33cefa98d75bd572caebc764ff57023961388eb26eb123ae388ab244d7ee6e4fba59c8adfa7abe83fe778ff00cffe1e6f4f57d0cff8de3ff3ff008589cbc7d401a720000000000000000000000000000000000000000000000000000000000000000000000000000000000000000000000000000000000000000000000000000000000000000000000000000000000000000000000000000000000000000000000000000000000000000000000001e4f2ff007e5fcbd6f1f9bfbf2fe52b5c5cb2e2338b797f6b18f6cbab723c1e5ff9f9fe3b7d0fe5e4fa89af867f9d5a335afa7bfb74edede6f0cf8e767af4f48027b5f60bb4208ab3a00020406a1e9004a9b5b62480d44200bb38da00589aadc4544d27c5ab4f40c584bb5ab2021a5b12451746964340c9a6b48082e92804e125368293b0de81ae12cfb1b5159d691aac81a4ba699a827f043d105503d81ae76dce213a20225699ea6812f0cdbc35e99a0e7633970dd73bc8336d4ebb5f697901b8c3501ae95006a2c1674074dc9c33adb5151786b866d4de951ad14df09be00ef909f73d81da9a637aa0d699f8f2d6c04d709ad35d52831794e9a93eece5394509da49b502c21b220a9540639daad67d81280022b20b7a4abe900f42009522da8a897a45ec80cdf7f971cacdebecef5e7cff00bef1a06b1e6bae2e18f4ef8f42b7b675cac2f701bea3d5f41cf9b1bf8af267fdaf6fe9f3fe2cfc62b19e5e3e880d398000000000000000000000000000000000000000000000000000000000000000000000000000000000000000000000000000000000000000000000000000000000000000000000000000000000000000000000000000000000000000000000000000000000000000000000000f1f9bfbf2fe5ec797cf3fe25fca558e57fb58c7b6ece1ce7159766ef55cfcf87cbe9f39ee4f94fe63a77177fb465e49359619ce259d3bce9cb2e3c9abc63798eb8f5c75e80588bd40581b114f4002fa45677c835b43d1d4d821ceba59c94125ab480122a4ed412d0b09144f6d0944519d56a5e4174689948bbd824ed7a4b093950bc1adc32b21be019d52afada5dd419936b314eba6a7429a2c5a80cc8d00254f6bd95044541515644b3904ab270bd93805974acf6a0b6b36002337b6ab1412f4e7636ce40c32d566f60b0843a06a2ced22c06a352b3be16760dace588d6223571da6bec6f959ed44e77cacfb059ba05ef4be93b5112f3fca5d5693b152710f94f425c4177b5b78662faa092f3caeb69a5413495769013474d6c064992d89ad0a26940446aa404bc22fb4d0869159bd809b54bd825e916f08a850404bf770cffbed77cba70cbb06b0e9da3962e9056e26b95c62de3904cabe8fd04fdf95fb6323e74b6e524ef6fa9f413f6e797dee9633c9eb01a730000000000000000000000000000000000000000000000000000000000000000000000000000000000000000000000000000000000000000000000000000000000000000000000000000000000000000000000000000000000000000000000000000000000000000000000001e7fa89fba7f0f4397d44dcc6fe4ab1e5acd9aad230ead4e99b3ed5b9385b208f367e3b5ac66a48eb94e2b975c017b5ec3a802a7a20aa7b0f6806b909dec05f454059c43b000ab3a340cc9f85aa809799a581b032e136bd9a50d9a491aa2121d647280bb676b59d02d9b27091adfa05437c2fa0675175c282a22ed00d52aa2081a011149d0a7a454059f74d8be8094450019a05e534a7f9062c62ba64c6818b3966b57b66c022a46808a8406a559cb2d4ec1b9175c2282c8b2726cbd6c45f7a34007f0baf6cdcb4d4bc6d44a4ecbd68900e226dad6e33ae01386a244b755029394bcb527e418bdaad3d0acaac4e8158ad6d9b016749500136001e9144465adf680821b04c9151504f6bed9b00bcc73ca72e97a8c67d811d718c631d3182b53932e31ad49c339f5419f14fdfb7d9fa4c7e3f4f8fe797c9f04dcbf7de9f6f1c7e38c9f69a58c72aa034c0000000000000000000000000000000000000000000000000000000000000000000000000000000000000000000000000000000000000000000000000000000000000000000000000000000000000000000000000000000000000000000000000000000000000000000000000c79a6fc77f1cb6966e580f159ca35930c3ac74c7a6b4c46b7a04b1cb29fb9d6d73c813d22ce900f4b3866b5e854daa281ecf6baf65a02e93b2002e962091620a09a6901141004b577c0254daa02c37c10df009d874a09a3b140939e551402cda0069177c26c0da348074850127674a9454b7a0280080ab0801d26b6bd9d02692ad4b2e819b58c9bd70cdec18bdb35bbcb36031edb97873ab283a21b6811a88be81655c596a03717d332f2d505d7096c25a6b606b9e45dced340ab233bb2468437a87a3d54152b378d3753e3f704914ea7092f3f80285012761ed00f65e8a809575c26d4192f4b57d03100104abbe19f609535a6aa5f408943d2a0cdedaf4cd04b56f3ca559d02c74c5ce3a622b522672696267d03a7d261bf278f1ff00d5b7d87ccfa19ff1b09f68fa6d473e400ac8000000000000000000000000000000000000000000000000000000000000000000000000000000000000000000000000000000000000000000000000000000000000000000000000000000000000000000000000000000000000000000000000000000000000000000000000003c7e59acaff2e6f479e7effe63cecd74e2e983566d8c38ae88ae794d31798de77862f20cfa0d801494ec52348029b42029da6aace01412cfc8295200bb67da802a340ceaec5aa832976d58807668503a4a53609b5da5e540ff0008a49c0076240354e95281be13a4d6d681b41360bb4bb1362a884058139aa0b12c8a58081ad0023480c5895aacd063261d2c62c073c998e9974e60dc6dcb1c9b941b136bb05d2c676d4e41a8d6f6cc8a0d45ed95dfa02f4bebb4a71c404eb86b7c33772f4bc5bc011a9c33160297985e93a04d256aa01fcb2b590545ed2de40bf6429b0114a0cd495a67d8151ad337804bc27f2b7a410a956b340a6f84a2a2fa66f6b7a67d829b4e76941b95bc7b72c7f974c7b45742a6caa3d7f41ffd45ff00f17d17cffd3ffe7657ed8be8351cafa00a8000000000000000000000000000000000000000000000000000000000000000000000000000000000000000000000000000000000000000000000000000000000000000000000000000000000000000000000000000000000000000000000000000000000000000000000000000e3f513abfe1e5bdbdbe69bf1d7932ed9adf16b06ab32f0b6c4699c989cc5b5018eaade937ce9411401742f682aa0b4087b09fc82a54df2a00be804e916a580abb6755602ef622809a52c040d08268b1af40331625ecf90349b08077b50a0953da80897b6af4cd152b3b5b59b416d4a8b8f40b49d25e5a80b22e88a09d06805d6d3fc29a045b04ebb04b18b3dba5ac5063db193758cba063eec651ba941cdac69627b07495630bf2d740e8d63db9e3cbae3c03517d90debf904f6b6538ff2bce80acef959f935ae4165bcec949668e360bc6fa21be5282ad6795d833762a403d1dcd153dfe0135c16f4b0b0194b1a480cf2b480227b566834cd5f4809e9169be04635aab4b1360808a8be99f6b7a4f605e4d6d1601270de09171ed15bd8139b34a3dffa763cf92ff11ee79be871f8f837ff0055dbd2dc72be8008000000000000000000000000000000000000000000000000000000000000000000000000000000000000000000000000000000000000000000000000000000000000000000000000000000000000000000000000000000000000000000000000000000000000000000000000000994de367e1e2c9ee78fc9356cfb54ad7149d25252b2db34da734d6819bdae29eda8080011525514854957602b3ed40a4a97d939a0d2d49dad042741201b361a0164d002ed2de04b4094953b5415286944b134d729c82c5490d6905454e000a80b6b16ad66d82a5aced2dfb2c9a802c245016734a4ec1b4175c013ec68934d032be9aff0966a08ce956747a0658b397473cbb158ac65d3595e59ca831632d5e99035c0b0b36089d56b4966c170cb975c72dbcffdb5d71a0ead48ccad400dd2d50437c17ec6b90245005b3845a01a45da0055d2504ecca14bfc821b135b02b3577c97b040a80264a9412048805ed0a821535cafb4bd825429e8413dafa65452764580d4d178a927265742b76f0d78e5bc4eef11c39cafd9eefa3c265e7c26b89c895f4fc78cc3c78e33d4d340db90000000000000000000000000000000000000000000000000000000000000000000000000000000000000000000000000000000000000000000000000000000000000000000000000000000000000000000000000000000000000000000000000000000000000000000000000000000f2f9e6b3bf9e5ea71fa89d5ff09563cd3a5b13aa6f7197442d3459418baa63770b0c414ed2f6b00eaade93d82a284050a02e93aab392f008bb45d02852006800000349a5df00960bc1a40a80a1b117d02c4ed16a04ec4da825e915914ac64d5406646bd1785d022c8697d03378ab35d9480b176caca0d46a7a6256b7cc06af6525d54b79aa87a4b4dfb632a8356efdb9d5de99b78159ac55cab1411001448a04534033624bcb759fc83ae193acaf2e19f2ef8dd837a869642f005824505ea2421ec178369b58097b16a02de99a1d6c13b29b3b04b536bf84b39002f49004aacdbc81b3d87b02b3b6ab1ec0df26d282094a5e812a6cb5045bd26952c50584e8901bc5cecb72bb748bf1e019c63e87e9d3fe2677ed34f04c5f4bf4e9fb7c97ef67fe162727b4069cc00000000000000000000000000000000000000000000000000000000000000000000000000000000000000000000000000000000000000000000000000000000000000000000000000000000000000000000000000000000000000000000000000000000000000000000000000000073f3cff0087fe5d18f2f3e3c823c597698f6b9769230eadcaac2ec1328c3a5bc39d0690954112a801087b154f67a017f809384ea81efa53b005843b00a749ec0500019b740b437c081ec0a070870cd51a137c80aa8bb4519aa80ced276b52017b698f6de3f902a7a5acfb05436cef906a92a6f69ec1bdf3d2cbaed9506f7c8cc5da896b36f2b6b28195644a0958ad3195044bda6564c775c32fa8bbbf1e22a3d12fe5a7971f35e38dbbe1e4995fb22bafa21b01196d32e01ce5d64ede3c9e6dfeeaefe3a2bd3be0d6d99786a086b4001bfc2cf68a081a31ef4077097671a318089ed6f090134b4bc26809ad94d6806693a5a940a967216809576ce540db354bd0334a44102f416833522ed2082ce8a9b059dac67b6f1e3b06a2a17a51a9375f4ff4f9afa7dfdf2af9985fbbea7d0fff004d8ff35633c9e801a600000000000000000000000000000000000000000000000000000000000000000000000000000000000000000000000000000000000000000000000000000000000000000000000000000000000000000000000000000000000000000000000000000000000000000000000000000004ca6f1b3f0a03c3516ce6b37b61d227bd280a7aae7be6475f4e76720b0f691a019699059c93b1453d000b28008a8bec09d2a002880b50df200545f409672b221380699bf76b7c3196c0e93676488a6951608a15154d86bda4defb04b116f64045d96e99b79416d67e49967ce9e4f2f9ede309afc83be7e7c265acaea397ff00178fa974f36adf7c9f0aa3d587d5637be1e8996fdcaf0cc269e8f0cb203bed77b625db53b06a14da6c0ac6d6d6502d6766d016d632ba96df4d3cbe7cfe5753a519f2e7f2e1cb4badb78e2a8931aed8616595ac3c7b8eff00d3fda8ace2d26b4d7a40632bc56add397972e0189ce4ef83878e5f6f4613815da4e167491a822e90503d152d5f4097a49dafb4b3914bc8bc4e9012a70b7a410d96894177b137a0112f0d7a4a089ed52f6033795400a54044bd2da94441632059a84e8f7a042b3634cdbb0595d2473f6de20d02a84bcbeafd0ddfd3ff009af95fea7d3fd3efff00c7bffe55633c9ea01a60000000000000000000000000000000000000000000000000000000000000000000000000000000000000000000000000000000000000000000000000000000000000000000000000000000000000000000000000000000000000000000000000000000000000000000000000000000001e3f24d6797f2e77ecebe79ff13271b7966ba715589151a18cff00b9d6473f26e65bf42332f2bed9c27ed681748a809d9a5055134b78000052a6c02454da82f6243b000f60589d2dbca760bb821d20b59ecb794d80a80aa445f60aba2009a46ab3412a2b16eaa8b58caf0b6b19d41c7cd778e9cb1c37671dbb5c7796f9fcbb61863356415e7c7c5aca6e77d70b70bbe9e9d4f94b6f5d2c9376e81e7c3c7c5b773ece931e3f2e9ef49ad554666e4e62de34b5905d953d9b02ddc62d5b59b7902de13625b319c833e6cbe38f1dd7974e99e7f2caa4c7806719cbb6384f719c71d3a4bc03785b38759771e7f96ab5f39e81d7497f973be4d3373cacba80b964e727cf2e564b6f2e98e3a41af1e3ab5da4631e1a941a6a5656740d1e92ff002505dab12b53a011537c027e536b5053b5b53d1b9a003d9d8226ca944276b5995404ad33410daa4ec132ed16a08cde91ab786680587b4a20b77e92a7e4159f6d7e59f622cedbc5ce5e5d3115a8a93a55166b6fa1fa6dff00839cfb65ff00b3e6ff00a9f43f4dbff327e6558cf27b8069800000000000000000000000000000000000000000000000000000000000000000000000000000000000000000000000000000000000000000000000000000000000000000000000000000000000000000000000000000000000000000000000000000000000000000000000000000000079fea27eeff0f34edebfa89b92bc927359adf16a744274b3865b563cbeab7b673d5c795471c77b6fdc4ab8cf74150d13b03d24bb549c0ab0a00b0226f9050d2e81276ba4d2ec0aceead4dc05d8489416d43601be19e6f7d356a68125dafb5924e80417d8801a5022a20ad33552f40c7bd25fee2fdcba92daa3358abbdde3a672deb8023732e1cf1c72eeb531d5e41bdaef4ce941b9cf26999565975aa0692c6f6511cd34e959b01cace536dd8ce818b5cb2972aeff0014f883cffd3b1b98f0eb71eafb675aa09f12e3b6bd24ec19b8a4c67f0e9a353d8ac7c26d6e2dea1d833afb37226b46f6836d4ac3501a8aced760aa8405f6d6d9a4ec16a16a6c0f5c0b128004e80f605a0959aa7408280896f25e901366f81281be449c42d10ba4369e812efe52c2a9a1137c68f42825fed67a8d54f8ee681897974c6b9658df1e5d71eab7283a4ad39cabf251aafa1fa663c7932fe23e7777f0fb3f47e2fe97824b3595e6ac6793b80d30000000000000000000000000000000000000000000000000000000000000000000000000000000000000000000000000000000000000000000000000000000000000000000000000000000000000000000000000000000000000000000000000000000000000000000000000000000000c7971f96167b78af176fa0f2f9fc5abb9c4ee258d71ae46dcfe571e329ab17e5c30e8db36ef862e6c65e4e7addfc03a58b2ee996e5e4f4a8bed3daa505d3362a50587742742a88029b00513df26816b3f1fca800b5980accbce9aecd48094f4501228880d44500f65e8037a13d806d9b5676ce579a2a3195de5a6d2eb9aa33d4deb84f5f96b7c33ec1ac64f75ad4656dd0265f6848732f3ed7e33bd83395d2fa9a2e1fba729046fbe4dca9ae35f72f1340be99b53e5a4dee81ed35cb45ffb8268bfda16700699ca72dfa35b072d72b22e5369a045893b5a05e4e92d5e40ecd2ce7b34290d9b4f7b41b944954165fbaed8bd80e96939676b016f4ba4f6d020a02248d27b0429da50416a7a040d00950a7a04a955288853f3136087a000b5274089b9b5acdedaf40cdba6b1e728cd9b74f0e373cb1c2776e81a985ce6a4b97f136e5978acbc7fddfa0f178f1f16130c66a45cb0c73feec265fcc6b19ecfce49949cc6f0c32cac92735f6fff0084f06ffe562eb878f0c3fb3198ff0010c3b3c5f49f45f1b3c9e59cfac7ff00dbde0d300000000000000000000000000000000000000000000000000000000000000000000000000000000000000000000000000000000000000000000000000000000000000000000000000000000000000000000000000000000000000000000000000000000000000000000000000000000000002592cd5501e7f27d34bd73f870cbe9b29f79fe36f78991aed5f37ff87f59657fc46f0f1e1e3fec9fe5ef73f278a653726aa61d9e2ce736a4977f86bcf8fcb0ef5633373b46a55dfe13ee7b28a63cec450548a82a88be810b4ef900daed9d281be55140038a009d2eff00009453482589a6b40248aacef7b05bd227dd3e5e8152e5ae364bb4d71a149659c54b3fc135eba0137f84b6eb86b29b9bb59c64b5431d4ee9c76b24fb33902ef54f8ef9f69afbf0de366b6097ed579e3ec9df3b2d92eb7c82ce2dfbb3ed3795ded673fc08b3b66de6df4b95babaeef06a7c2480c64b8c9e8ca18406fd74994fb2ef5c1b06237a63dacbf705d6ba4df0d7adb325e418bca6fd3771ace819df2bceff000b270d7c64063b22d9aa7b04d96de9745b0127305f47a454de965da524fb0368b3a679f7d88b2b52b3385e81b9796b6e5b6a5d8356e977c31977160126bd96e952c04d828a9a454019ad7a410f4cdbc2d404a94bc1c033ad7b2c32e0978042ad677bfe442f4cce255fc20256b7d12283376f67e9d87cbeab1e3fb65af25afa3fa5e3ff0013c997da491a897c7d201a73000000000000000000000000000000000000000000000000000000000000000000000000000000000000000000000000000000000000000000000000000000000000000000000000000000000000000000000000000000000000000000000000000000000000000000000000000000000000000000000000000797cf8eb2b3fcbcdbb5ecfa9c77abfe1e297f76996e35175b24362a6b5032fedd9eb68a06800f47b053f8000d897b503a2de4f60006814f474002a5ba402f49b37c027caeba495364a0d6f7c3366a6d3e5cf0596d05c532bf85b7e2c6eef7456a76bc6ee9265b4e6ec0f94a9aff0065d5b7ed124d28b38897bdfd8bda0124b776d59665c6b84f72430e2681adfdf88926eed7f0d6818d73a59c4a4eef0cf337bf60d7a4bbd2f1ad337bd402e8934697d0179d152718d5f4233abdaeb955f60b8f5ca5f6a990226539d97b5efb0677e9769eec4bb05d6d2f0b0ca6c136cd6b5f64d7a1521a6b488268eb75af5ca7b10995ed7b37c26f405e2c8d6bec9395804fcaef5d06b6a1c1be53dac80ded369537ca0d21b5040282337bdb4809534b0a0ca5e56d404b37c1e8f69788096f294044d0b59a0d1be7487bd8167ef9f6f6faff00a661f1fa7b97fd593e4e37bafbbf4d87f4fc1863f68d46793a80d30000000000000000000000000000000000000000000000000000000000000000000000000000000000000000000000000000000000000000000000000000000000000000000000000000000000000000000000000000000000000000000000000000000000000000000000000000000000000000000000000000c79a6fc77f1cbc19cf8e5b9edf4af335f778339cf3eaa56a336ea25bfee65ca7372da34d5e999f65bd33cf68ad076a082a5bc82e80151435c82285fc00a94029228054fcaee4ed9b7e5d7409eb65bc1788cf766eff00840d337f1db597e19e0125e5bd7e58ad4e20164e7ee7c75096ef96b8b019d5d7293a6acddd7a59019938ed9b79ff00c3594bd1a9fe5559d5fbaaeb85f8839de71fcde3f859dfc719c48dea48984ee81abd3525e97da83126a167e1ad1fe01ca6362ea7f96ec4d0317b1bd727c41cfd724e9bb13e209174b31d2c04d25e5ad2024896371360cc896354067446ab207497be1ab384a8222fa4a02297a1127452724059d35893a4dea829ed77c5e124e143d8961be417697b35cfe04155167300a9e8e40485004deae82a0337b45a9d5012adda6c44acf75abcb20b7b66721d02fa45dee69203af830f9f970c7feaca3efbe37e9f8efeab0fc6ebecb518e400d320000000000000000000000000000000000000000000000000000000000000000000000000000000000000000000000000000000000000000000000000000000000000000000000000000000000000000000000000000000000000000000000000000000000000000000000000000000000000000000000000003c9f518feebafe5eb70fa89d5ff09563c766962def488d9954f4777f8691522a45bd009bdade924e760a000a941551500d045404d940132eb828a3336ccfbdedbd6aa580cfc6f7b4b8d8d7f95da0ccc676b77aef53ecbc44ca6f52033dde1aea1a98c356f604fbb4ce9a50d7eeda56bd25049d2a48b67e454d6f6b2689c17205bdae9cfe5caef701a38db05cb40dee1b8e5f2e4d83a706e572b97e5360ebc1bd39ccb4972e01bcb2913e4e7bdc056fe49b42d9e8176bb6366c46ea6ee99d9b05b4da5a9b06a5e4b594d837b89b676941b19f91f211a3ba9b26a8352978245ec167424e0bd82d4ec2f0059aa6f93b4a0977b6a7491505ea253b9c9eb40942201b4a5019b19e37cb55805dfa2b3ed71e4437a66f1297fb805ceccb3de3c4d44b3949dafa0127645c6720f7fe978ffc5cf2fb63a7d4787f4bc35e2cf2ff00ab2d7fb3dcdc73be802a0000000000000000000000000000000000000000000000000000000000000000000000000000000000000000000000000000000000000000000000000000000000000000000000000000000000000000000000000000000000000000000000000000000000000000000000000000000000000000000000000000e7e69bf1dfc3a259b967dc1f3f3e3fc9e9bf2636ebf0e77a65d213aa10f7a454bbdcd3553dad9b0214865d02775a8cf70ee835b4d1ed68096f1c10f8c828b0a9105f694bc33b06b5b24677c12db7805bde99d71df6b78bf925d4fc825c7f6c912498cd45664a097f0dce99e96505b3e57f0d6a337d2fa516d9f62c9a676bf2e004b59cb262e5c83afcb84b9b9fc936aae9f267759b927c856cdb3f2e3b4b9406fe496f3bae7724f97dc1d37c9b73f9c89f215d37c2ee38fcd7e60ebb473f9705f240744b7ece7fd4fb463e77ed41dad4db9dcafd99f96423b6d76e32e5efaabacbe56ef501d2e5cf66dcb596f8ab7e7f7074f97e5372d73d67bdfca5ff0006ae846fe50db97c6fcb7e8b683b6e1b70f9e5272b3c9f8076da6dcfe717e7106ee5a6b1d69c7e51a996bdc077993526f7f8709e497dcdba6397223712eed25e5760633477dacebf83f20893b5ed6404229f640b11abd25066dd335a4066a64d562de40959bdade92085ee9d17b019bd97b5bc250271da2d40256b1bcd674ebf4fe3f9f970c27faa895f67e97c7fd3fa6c31bdeb75d81d1cc000000000000000000000000000000000000000000000000000000000000000000000000000000000000000000000000000000000000000000000000000000000000000000000000000000000000000000000000000000000000000000000000000000000000000000000000000000000000000000000000000000001e4fa8c756ebdf2f3fa7bbcf8ef1dfd9e3ca6aa56e33bea2d666f6dd65a49d1235d44c7d818cd14deed9f64a024fbafa37fb40976d6d985ba068bcb32f2df009485ec035b66e3a6f6cda833272bad1a497629ef66b6769be41323a85ed2de412a6ccf2e351c73f24c24b65bf851de65a3e5f979e6595bab8afcac15dfe6c65939fcd3e76fa074db37262ccafda2fc39e6aaadc93e576bf16be3d031bbbe12eebafc59b3ec0c6f2fb1cb7a342b1cfe4d3a7c57e3b072f82fc7f0ebf1e4b8f00e5315d37f124073f8fe12e3bf4e98cddb1bb8f178071d71d259cbadc7f69afda0e526892574b35535a4135c264d63cdb132eee819f4bebee9270b3a04d524fcacfca08cd869bd2580c7c784f8f0e9a35e8472f8725c375d74bf1071fe9d59e2fbf2ef316a480e38f8e7763a69bd27421d723564d1c6b804979ed6271be3db78f409a5c67b3b5935348268580119c9aac5ec13d335ab5cede7405e916fd937c8254f6a979112d3659ca6c16dd89a4a0073d9417f0f77e97e3df9b2cef58cd4fe5e0c7bddea3ee7d178bfa5f4d8cb3595e6b519e4f400d30000000000000000000000000000000000000000000000000000000000000000000000000000000000000000000000000000000000000000000000000000000000000000000000000000000000000000000000000000000000000000000000000000000000000000000000000000000000000000000000000000000000994f96367dde1f24d77e9ef793ea30d657f3ca558f3dbad2db35b35c265d699745eff85df0c63ccadffa409aed2f5fe4c7ecb419dfa2fd8b8eecb1740a9df26c9009dc699f6a0a0024bbb7f093bab3b5bf8063292fedda6b8e3a6b5ed3a8096fa432fba5bc22a657962e5dadbbe59be819bd7dd7c785d6af6d4c7974f8fb5199871d26587e1db49ad8af3fc1663af4edf14b8aab968b355b89603362f6b61201c69892edb938342b2b21ae4f40b1a8c6eaec1bdca5e65ac6ce75fc82db3e3aa9df1137525e340d6327cadf5a5df163202dbb927da33be34b59b3681ddda5586813adfdd98d68f88326b86f5f7342332534d68d02248de964118d1ae5ae22833f15f8e9a9004d2e9140d22ff9276886b6b31d116f1aa09ae2559c6fec7fe0f5a06a4e1621bd017496aded9bc825ed9b1ad3209adc66f6db1419a9dae4cd0164dd6577a112dfddf82ce4f680b59b396ade19bc02eeb379a9b6b18a3d1f45e1be6f3e32ce27eecbf87db793f4df17c3c1f3b39cf9ff000f6351ced00540000000000000000000000000000000000000000000000000000000000000000000000000000000000000000000000000000000000000000000000000000000000000000000000000000000000000000000000000000000000000000000000000000000000000000000000000000000000000000000000000000000001cbea31de32fd9d5329bc6cfb83e767c67a4bcba7971d77dce1cb7aca462ba459669a8cdd7a6665bcee37edb15be8ecef459a031fb357a49f7282766352f09cf40d12a5eb827fd81ab7859d699df4d5a09269644e786ba04f4c64ded9066c66ba65d4ae7de764ef42b32712adc74b388d6be56a0ccc67d9b924005a92ae93e3a50d157f8018f8afc371bd435a0d73b8a4c5d52c175cf5ca69d35c9a073b349a6ec4b05d67469ad73a4b0359bc1dc5d7292701a945d1a0d435c3578ff002886b3a5d13d96f01a6b658bbd437b9b11240976a09adae89d1ec0d1a2801209be4135cb726a684d82942821b128292f22c90162fa677ce97d88be99bdb5db3a0256a5dc675a597806ab13a5df096f33f205ac5bc359336026d37c2de19f7a04b59ad7b4bd833a2ad411595b4a0959ab52f60cdedbf1cb965f1f76c9fee91ecfd3fc5f3faa97d61fbaac4afaf86330c31c675269a06dcc000000000000000000000000000000000000000000000000000000000000000000000000000000000000000000000000000000000000000000000000000000000000000000000000000000000000000000000000000000000000000000000000000000000000000000000000000000000000000000000000000000000000001e7fa8c39f97aaf1ddccb5dbe9678fcf1b1e0f2efbd75db35ae2cefeecea4bf2f74d6fe356a36d73b5ef69bdc8be8131bb8a4859c825ecbd167eee52dd824e8fc459d2740dc83377ad2c9a80d09ecb740a99e5ad7e69bbf23296f3f6e412fb958979c32f6d6566edff00772def5a15bc66b8f51a8c4fb7a6e5a0482ac881053402683d82c4bdaa760a9ecd1be412cf64e969e819153e22b33b4fbb593177282ffa99db521a0466f4dd67dd066fa24dd5bce3c18cec0d726964d35e819f496351740c59c17a8dd8cd9c032b0d2e80d2ea00214bd809e854022ed14135bbca6b4d1d833cace85dcd082c4dfb4df20d4cb49bbf6485bc81624e3254e202966f5f84d9bdec17694bd203352fdd40659f6d5a9781192ed52d04a5ba270cdec17e496ed3a3b06a4e3f11f6bf4ff0ff004bc132b3f767cd7cefa2f07f5bcd8cd7edc79c9f6e74d46390034c8000000000000000000000000000000000000000000000000000000000000000000000000000000000000000000000000000000000000000000000000000000000000000000000000000000000000000000000000000000000000000000000000000000000000000000000000000000000000000000000000000000000000000f379f0fddbf55e963c98fcb0b3dfa08f9dad5d95af2637e57d46372ff861d1a9c6b6d7fa79637cb579e28a4e326bdb34dffb82e5cc678e22f753d8138e29a5b39d9be64d025e34bbe599ce57ec49fbae57dfa06a774d6ec2715a9404fbefa672dfc757db56700e7eb2bd249c4d3a4935aa5ebf6f00c7bd37d467a9dc6a7dc559bb3a92926a4e775539054a7492eef5c204ad68ff0000000150d5504bf84daa6b9dfb0500566f69635ed0199d2dfe5524fb8226b82de567338063159396a709bdf40585e17759cb777f6027d953ec02da6b69be9aec19d2e83b04b09d2c896de804d2f716031627b6f5c33601a591235010ff000b501344d6d52f605d275ad2dfb9e842de3a485ed9b6ec1ada1bb7b4e817a87b4dac036ce574bda5e80df09b4df0504b7929fc82336256ab209be52d2f3137c0276d78e269f43f4dfa7fea793fa994fd9875f9ab12dc7bbe8bc1fd0f0497fbf2e727a01b7300000000000000000000000000000000000000000000000000000000000000000000000000000000000000000000000000000000000000000000000000000000000000000000000000000000000000000000000000000000000000000000000000000000000000000000000000000000000000000000000000000000000000000000079bcf84977ae2bc7f1f8e794ff2fa996332965783cde3b2fdacbcfe6256a5625e57ded88bd72cb6d7f29ecb79877c02efecd70c63c4d353ad0265f64d2d80120a9be7f002e37719def1e277d373a04a9572e231c82da4b3da712fbbf9a6b9debfcd05cbf1a8937ded9cb1c64eb9a63a9ad6c1d65572b9df9593feedcbbee0a6f95e3d19494d488169d922e810d967002ef848a9d02a5255044dafb4df2288a96c03f84d9b8cdb760b7519975367753df3360d5bb2200d6d3d1e806671c29ae766ff0000a4ed0df20a7493b5a0bbf69dd4202e81016f4966e14d83371b2f6b2aa00264cff906ad4b59b6ce61bfb825bbadc67b8935045a95a672e0095129283509c24e0f97a05a96adac086cdf09d1b04bd16f05b19f60b2ed2f47bacda0b5ceedbbc984e7951dbc1e1be5f263863ddeff0013dbeef8bc78f8bc78e184d638cd3cbfa6f83e1e2be5ca7eecff00f0f6b5239da00a80000000000000000000000000000000000000000000000000000000000000000000000000000000000000000000000000000000000000000000000000000000000000000000000000000000000000000000000000000000000000000000000000000000000000000000000000000000000000000000000000000000000000000000003979fc7f3c773b8ea03e5f931b84ff00c312effcbdbf53e2f7271bdbc52596ee7be19ae92b73ff000bc58c4be971e91571b776dff0ded89dad9c0349790036994de367ddab27a4d811adb3392760b974cee6b93bb6a7c6dbbb4177296e8e35b9132f5c81a979b2ac927516f5ad93a04b377fbb49265d5bb35f7e165dfb05934927eee6adba9b25945684daed04bd33bdd5b5271d829537a37b0580972e742a9c6f69fc80996ea69404ecf7b59d979064d458b75b063de974b49c8268ad6b8a80cfb16f4cdfc02ed35b5d27b03af6bcff0084202c04d82f2097a05da333a2035d1d25e8b7804a9c2ee7b372825fe12f6be999c88bbda7f8525019b37b566f2056774a7622e3caddcacce1af96c19b4d964d6d016f2cef54b59b682f74bd24e21bdc027359bcd5de989d837dba7870f9e78e13bcac8e71ebfd3f1f97d5f8ff001bbff65895f6b1931c6633a935149d0db98000000000000000000000000000000000000000000000000000000000000000000000000000000000000000000000000000000000000000000000000000000000000000000000000000000000000000000000000000000000000000000000000000000000000000000000000000000000000000000000000000000000000000000000000002592cd578fcbe2d6f1d717a7b58f261f3c75efd258b1f2bc77be398e9788df930fdd6c9cfbfe5c2df96b965b6fb967e19f95d46b1e2277c5f42b58e5caef759939ff096d96406fd94d6d6f13f204e31fe4b758d4ef57d432e7d824e66cfeeeba592489cdd497405bae8c78b6ebbf6598c9bf5ed24f94e789ea02ccb796a4b5ade53a8cf1863a9c62b3fc81df1b9498cfb26a7f0b6fdae80bb978e9aeb966eb1bad96ee6e4d81bcaf7248b2b32dbae34dce222b366ef0b37ecd97904a96cd6eae99ca5ff0000bf2dace99c7f82ff0002aee7bf49bfb27e3fdd2f3c6c1a9ba4bba5bae213f802f0bbdf48bf6034cdc7f7efbfb35135ae017aefb2fe0d6fb4d720b2ecba90934bad833da5c5ad7050635fb51ad7de9ae340c8badf04e80429e80da1a4deae80d139baa77d2cba03f0cdabed202f5ce92ad66d1139d27b5406b7a8c5a6f70036cdaa96085d33ed64e3449f7037d4369eeae816b2bb4b67c7f3e81196a58cfdc04979d8cdaa2f769122e8163dff00a67ff553ff00c6bc11f43f4bff00eabfff001ab12f8fae034e6000000000000000000000000000000000000000000000000000000000000000000000000000000000000000000000000000000000000000000000000000000000000000000000000000000000000000000000000000000000000000000000000000000000000000000000000000000000000000000000000000000000000000000000000000000f379e6b3debbe5e1cfc5f0c6fc776cbbfe63ddf5196f3d4f4e1976cd6e3cf8d9a965ed673b4cb1b8de3aed25f68d3a6f734b31e65df2ccee2f5760d6f47ca58c65f9f6b78f8c9ec1ab7539631bbcb99fc2ef795fb45e3d02e937ca6bbcaddfd93737f905cb9b353825ef9dd3e3c7ee2498f3afe00bf7ab72bea6eb1ab6eedff000d733d6c1675c965bef5f962cb97f775f68dcca0333193992ff35ad7e56f5f68924e3538fe41ac74994bbfc2732fb6ad044b4defa4dcdf08abcfdd7a977cb3b92fe577bc4137f6356fb258932b6ee4e3d6c17a9abd9a92c4df36b525bcdec54f6bdfe0eaebeebd833d4a73f66a73b5e412426bd1ec9c4054bdca6f9d2737293d02a7cb554b373904b52de6ed6a6b76d02f68bada6bd012754b79d1e99bea81c9abdeb86afdd9dfeed0159bdd6b2fbcbcb0043b225ee7da88a5bca73a4bccfda0d5bc265cc677abff00ed6dd012f1cb3756f2bb88a1ad4fe1177e99d88d6f8263f3dc97597afcb3bd2f7013b4bd9b5927faa826b693a37add497409b4dee9ed27b05bd1ae13a5cbe58df8faa0c1d97f6dd10157d22ce808f67d0f9278beab0cb2eafedbf87922ff00570ebe4257e947c4f07ea59f8b198ee79319eaf73fcbdde1fd4fc1e4fefb7c77ff00575feed6b195ed131ca658ee5967de5daaa0000000000000000000000000000000000000000000000000000000000000000000000000000000000000000000000000000000000000000000000000000000000000000000000000000000000000000000000000000000000000000000000000000000000000000000000000000000000000000000000000000000000000000000000319f931f1cb6dff0011e6cfeb30b87cae78e18fbdde41ebb94c66edd38793cd6cbf1e27baf9de4fd4fc537f1c72f2653ab7aaf079feafcde7bfbb3b31fb4e857bfcff005fe3f1ef1f17efca7bbd45fa5cb2cfc3f3ceef2b797c995f4fe832f978b29be71a9563d371f94d387931ca652ceb5ccfcfdde88994db2db8e378b5ac6f0994b8f97e38f18dc531e2035de5cf0b2ef77d7a665fb2e5f605c64d16df96a74932e0f8dd77c835757be524d7326ed677a9f9ad6f804bb9cf7f7b4ddca6eae5cebeccddff00804b6496dab8df97f04932b2de64ea2defb05f8ebd9272cdbc2cb6e3adf607ca5bb9ce931caf7795e24d49c2ef40b2deef7f6fb25e26a6eda98f7bb7756efe5bd82de22733a8cfcb7c69776fe0175d6fbd178d49dd6a6addfd92ea515ceebedcaf3ed671db7240664931dd5977d2673e5663ebb5c75ebd20ce732b9e1275ee9bb32cb8e3d377aa98f5aa0bbd437b85e137dfe01abaed25e4978d9f29d8126eecb125e56ddec5178d2771372dd405ed2f13859d25ec16f4c6575655bccd44a09ab32bbbc54dfc6eaf5572a96713ef395172db3be5bb66d9d4bbd0848c59c353a4b79048566dd35798026b66f8499033ed6997f770995bad88971e3825ba37c1be013e5cf297b2c89ae7905b784996ccab1be41b86f5c567696eb910b766f94b931bf60e8cdbaab7f6c97ef18b760b6f07cadf8cbea69959016f3775484145d0a0995f8e193caf479eff00c3af33518e4bb6b1f2658f12ff00bb0aa9af4f83ea73f1dde19dc2fe2f15f43c3fab79271e4c31ce7de715f1965d7486bf4be2fd47e9bcbc7cfe17ed9f0f54b2cdce67ddf939e5b3be63bf83eb3c9e1cbfe1e771fc5e650c8fd30f9ff4dfa9e1e4d63e69f0b7acbd5fff004f7cbb9b9cc54bf1400000000000000000000000000000000000000000000000000000000000000000000000000000000000000000000000000000000000000000000000000000000000000000000000000000000000000000000000000000000000000000000000000000000000000000000000000000000000000000000000000000000073cfcd27126ebc7e7faff1f8f8cfc937ff004e283dd9678e3dd8f3f9bea7e185cedf8e33dbe5e5faa4ff004f879fcd78fcff0051e4fa8cb7e4cb8f5274aaf5f97f54bffd9c6cbff564f0e59659e572cbbbcd675140b10da00fa1fa65dcf263bfb3e76deffd32feece7de2559ebe82a17eccb699471f24cb1ca59d6de866c071bc6ff00092ea5b7bae9e4c358e5771cb9925bd837f697b6be7259c7358c24defaad59275c6c175cfcbb37efeec4bcdc67a6b1b24bc82efeec5b72bf837cdf97149d83524f6b2c9d316c9c5497e578e41d752e98cb7f3926a4eed4dd935eed5ee8172df33a5e26375daea7be59bd6c171bc7da7fe572cb49b93fb9a9ead9c824eb527f9672995e3ac67bdf6dfba9973aff00c02e37ed3837bca42cbf1b3a4c773e537d4026fbab8dbfe19deb7b5f57906b1e66c926135131dfcaf1a9a6b73d8a9bb7a5ea271ae0c799760b7a498fedbbbc98ddc2ddcbaf40bbf4c4bbcbae0b6549776eba80d4ef83a9aff2938ba5b2f60d4b2418caff006cdf74c6f12835382a7cb9d2ec0da5b3bd725b22ee404d73b63e2dcf6cef8062cbad4bd2ebfdd6f5b4bd4fe601afda8d5deb4cf60c5ed61b996afa89bd505f7b4a5ef867621da65d26d6f38826a97837c336f34177b4b9fed92f7125672ec42dd93b4eb9f492eb60b6f69bfdad6566a71ab3dfddce5d0129ed36bb032bbe195d6cee82fa21eda9005245f42806b8073f3f1e39f9af3bd1f51fdb8bced473a00a8000a200e98f92e3c773ecf77d1fea19782ea5f9e1ff004df5fc3e6ed65e45d7eb7c3e6f1f9fc733c32dcffc3a3f35f47f559f8bc9f2c2eb2f73d651f7be9beabc7f5186f0e2fbc6f7134b3fb1dc054000000000000000000000000000000000000000000000000000000000000000000000000000000000000000000000000000000000000000000000000000000000000000000000000000000000000000000000000000000000000000000000000000000000000000000000000000000000000000000000018cfcb30e3ba0d6594c66edd4787eb3eb71f178edcaff00f8e3eeb3f55f558f867cbcb96f2d718cf6f89e6f2e5e6f2dcf3bcdff00b22b7e4facf3792db7c964bea74e3b414001014a088b59057bbf4bff00999fda47874fadf49e29e2f0ce39ca6ea56b8bd315065b5f47a13aa0cd92f158cf1de3c4f6edada5079ffd556f5cba5c6735c73dcb31bc6c166a4e385c78c789fe52596ff06566aebfd8126a6ecbbfbd31ebe595d7dad3fd33e4719672e5ccc2713f223394f96f76db5d30d4d4f4c4eb79775ac6f20b976b8f53eccdbcb7871052efe56dbafc1a997be225fedad6178066cf75b976cdbcf3d43735c0195df18fbf67f6cfbda9d74b3980d7737b63e524cace76bc6af1c9271aeb5d018cd63ffbadbfbadd7109389b59d720b38b4b77644dfeed1f2ff7de81ad71af4ce53525f4dc4d6e597d8acce6ff002baee44c6d924cbb934bbe38062f727aa5b26e167367aecd4bbfb017b8bbb7fd927dd65d81d65fe0d71537cafcb7740d27ad26f7384e760d59c33ce9ab7866dd7f905bb6676d6e74c7332bf6027f759ea2e5d5677ecdee816dd6d37a2f318cf7f1e3b11a98f7af7535cadd6f53b019ac5bc69bb6b1a939a06a489d358d938b3719a0d6326794c77adf4e7497559f97221789b8cdcb7dadbb63206a5df06afc37f9d567a86eeb5e80a9daa7405e136d6b712012eab5a491ae808b05d02e8a029d055f40f3fd45e647176fa8bfba7f0e2d473be802a01140d1a401522803d5f4fe7cb1b2e395c739d6bdbca262cb8fbfe0fd571ebcf8ebff00563d3dbe3fa9f0f97fb3cb8dff002fcb639e526b6b3cb67a94fabf1fad1f99f17d6f93c5fd9e4cb1fc6deef0feade4d7ef987927e38a6a67e3ec0f178ff53f067c65bc2fe63d786786737865329f8aa65680100000000000000000000000000000000000000000000000000000000000000000000000000000000000000000000000000000000000000000000000000000000000000000000000000000000000000000000000000000000000000000000000000000000000000000000000000000632f2638f77fc406c79f3fa998cddb8e33ef95793cbfa97831b65f35cbf18c171f46e78cbab64bf6db13ea7c796fe37e5aedf13cbfa8cbe6c33c30b2617efdc72cbf50f265e6fea638cc6ebe364f701f6bcbf51f1c6e59598e13b7caf37ea79dcacf06331c7ef7baf379feabcde7c64f2e7b93d48e00d5b6db6db6df752d404366c4b01766cd001b400b49c8a0edf4be3fea7d4632f539afab1e2fd3f1feff0027f87ba335d278aa8be91561606c00667931f9fc6d02c4ca4ca6acff00fa3a6b718e81c3cd2e37727ed939d33327a2eacd7ddcef8fbbfed0462d9f1bceea633526fb2cf8debb497786c0cb95995f5d3196efedc79fbdfb37b93f00dc92e172b7a4b96a49f7632e3fc9b9f3ddfb03a5b75af509663fcd4def9672bf2f26397fa67a05cb2fbb578e1319ade57d263776db7b1577a5bfbb298dbc4898ce7f09aeeff806fc794ca6fd3a4ead73c3fb71fe179f95f500caf32459d25d59c138e01ad4b97cbda6be39659f1fc1dd9252d9bb2fdb60d6f88cdcadff007d25e71bf84f96a6a4ec1adcd6e9f2935135b9c97bddfe052ebe5743378dfdf4d4ea7dc035c6cdf09bf5f6024e53da5ded445975a86ff7265fdd1416f4cdbecbd2504bc5df6bf9da59b0137dafcb519df665d4bf6025e366e589bd5d7dd2de0177fb932bca6f9592e596a760b59cb8ed37bd59d3395b4172bae59b77d5e4cb2dc899cd51132bb9b9fe58e76655980def5d333f276001395e010a7b2d8091ad12352026975c2e9412450005054c56afa4a83cff00512fca7f0e2f5e536e7978b7cb72b16380d5c6cf4cab200068501050100036a0012eba006e79b2935dc74c3ea2e394bbb8fe71ae0898bb5f5bc3faa79b1e32cb1f24ff00d5c57bfc5fa9f833d4cf785fcf31f9a6f1f2e58f1bdc1765f5facc3cb87926f0cb1ca7e2edb7e530f3fc6ee6e5fbcba7afc3fa9f9b0d6bcbb9f6ce6cd3abf403e678bf56975fd5f1f1f7c2edecf17d5f83cdfd9e49bfb5e29a995dc054000000000000000000000000000000000000000000000000000000000000000000000000000000000000000000000000000000000000000000000000000000000000000000000000000000000000000000000000000000000000000000000000000000000000073cbcb8ce27eebf870f2fd4fc3fbb3c70fe683d59658e3dd91cb2fa892713727bbd3e3f9ff54b33b8f871964bfdd79dbc9e5fabf3f9b1b33cf8fb4e115f67c9f5fe292fcbcd26bd62f9bf53fa9679df8f82dc30fbfbaf06c51acf3cbc9779e572bf7a8288917a002f609b054369b051366c14450415008d245f40fa3f4135e0dfdf2af57a71fa59afa6f1ff001b778c3a8b48010ec59c00e1e7f1e5f29e4c26efb92bbacd7f9063c3e4f9e12fbeaba59b8cfc7197726adef4d4a0e7668f4e958b35d08e59e12cfcb8d9a93193deebd364672c65c6ceb734a38ce271d9ad65ab57fa7665a978d7b637bc65fb82ff007e7c718e3ff72ea6531ff56578597d4ebda59acae7ef8901376f93293d56a739eb7c33afdfb4c6dde57f20eb95de3afbb9ce32d7a37d2def60d4cb9372e324637ebdd6b1d4d4f60de375c2eed97949577f60319af64b7fa97fe9d68db36f02b537bdadb2d9a671ca7b6377e5c03595bf1b8b5ae6335673106a5e754bad312f2bbec0bfdd0b7d3372360d6d9deb69b665babfc83a6f8497719bcc8b3a06cb74c7c99f96c1a977da6596b94deaaef91165fdb32fb96eea7fa663ea73a4b973012fa6acdc6265bbfc35b04cbfb67de336ea1954caef60bbe9af16530f36f2fed98d8e795e66933bb9f905c78c75b6665cebd25cb5233725172e70fced32cf73513d1a067f156626b96ba067e2ab2a5036997395a1ae5045c63523520269a35a5045004a29a04d6db9164e04566a55acd045d6e0a0e7708e39f8f5787af4cdc5652cd78f5a47a72c1cf2c3ecd4ac58e602b2229a01174802a00a21b050405450109401ac73cb1bc5d3a4f36e7ee9fe5c44c5daf7f83ebfcbe3e30f2e527a99731eff0017eab7af2f8f8fbe35f056656754c5d9fd7ea7c5f5bf4fe59fb7c925fb65c3d12cbd3f233cd975797a3c3f59978e7ecf26785fb6f80c95fa61f1bc3fab7964fdf8e3e49f79c57b3c7fa9f833feef9617ff0054e0d4caf68c61e5c3c9378678e5fc56d5000000000000000000000000000000000000000000000000000000000000000000000000000000000000000000000000000000000000000000000000000000000000000000000000000000000000000000000000000000000000000000012e527774e7979e7fa66c1d58cbc98e3ef77ed1e0fabfafc3c3c7932b6dff004e2f9de5fd4fcd95ff0087278e7fbd457dbcbcf64e2493ef5e0f3fea7e3c37377c994ebecf919679e76dcb3b77f7acfa51edf27ea7e6ce598cc7197dcf4f16595caef2b6dfbd45d08068034000002fa4dd5404174020a000002f09412fdc3d1202c5007d8f14f8f8709f6c63a4670fecc78d711b8c3aa2c4f6b01535b54d82cf4967e140259f658cd8b373bd02d82f69a066e2ceb5b74df09c55472b38fcb39612eb775ae9d35fb99bad838fc6cb27795fb336f2ed6f1f9739859273bfb8338cca78f775bbe9649ad1d7f95d4dff00009f1ba672bad5f4ddcbf6e559b3f663f9062e5cdcb564b751b9ae2ae586e4e7aacd9dfd81af95937ea9f3de3c39e72eb1c65e24e53e5ac665fe01d7e6972e74c7cacbb25b965bbdd06f9eda97973f977097906f2c9a9970e3dcdae39ef701d37c6d2fdd8f97fb2ff524937dec161beff0cdfdb757b31cbfbf8e740d559d69ca67b6b1cb9a0d5ba4f970cdbb4f40e9be19dd9b8cef7c12fdc1aab6f1b8e572ed265c03a4caf3f937a631cb78997341a9795b9ffd98db36fb80d5cb7626564bf94d5bcc329bbf905967f4f7eede19b97bad7c7f6ebd135d03171b72b7d2cc789a5df7f825d025e233cdd377967a03a136000b26c124f6d6975a59da048d68d4877013b59d2740007740f6dc8931e1aa8a9681412b17b5ac82e88101b8ba31d69418b1cee2efae1cf29c83cf9e0e4f5658b87931d56e31630055641000001514000114a80a800000000000b2d9eda9e4ca7558035db1f3d9665efef2bdbe0fd4bcf8592793e53ed9be6098b2bf45e2fd57c5971e5c72f1dfbf71edc3c987931de194ca7e2bf273c994bbdd75c3ea3e37e52dc6fde1f57257ea87c3f07ea9e6c78b963e49ff00abb7b7c7faa78b2d7f531cbc77fde2a75af78c78fcbe3f2cdf8f3994fc56c400000000000000000000000000000000000000000000000000000000000000000000000000000000000000000000000000000000000000000000000000000000000000000000000000000000000000000000000004b94c6736472cbea30c6717fcd076672cf1c7bca3e7f9ff0051f16197c72f26efdb0787c9faae772cbfa78498fab7b15f6b2f3ea6e4e3ef5e4f37ea1e2f1ee65e5e7fe9c5f133f3f97c96dcfc995dfe787341f532fd571d7edf0db7ff005578fcdf5de7f35bfbbe38ff00d38bce2a69777bb6dfc81ec00405000114000000144282ed36801b36006c174014011625580a11547d9c3770c7f89fe5b8e7e0bf2f078ef5b8e91cdd4bc53a865dafa00d2281bbb00054f6a04a5a916026feebbd1404bbbf672b85ef4e996377b24547398d4b38e1d6e1b62f1c0395c6fb62e36653eceb65975398996fd038e5bb357dde9acf2e24f7be175bfe624dfcf5aff207abd997386a1f2b38ec996a0127edd33709ccfb74d73273dad80e7f1dfa4eba8e9af45c41cef4ce5c5d3adc67112e137ffb08e5364eb875c70e6efa2c93a073f1ddca9ff98dc9cacc018b6e5777b3e5ab7f2e9f1d5672c79c75ebb07392fcac6f5fb7f2b31fddb6e4ec1ca4b71fca5de9d64e5353907398ddee931df6dcdcbc4dcb4ff5039e38dbdafc27a7598cf6cfc6fcadf40cfc38e0ca49afc37dc4d7a066c9fb6cff0027c66fa6b534806935cb5b66dd817eccd9bc8deb937b9b14bd32b6a7606d9ad69282689d35ae175c0248b235a58026b85a6904c6ef6abbd33681da2c0136e98e3aed30c79dd6c5347482094a25a0cd67dad4f60ba5891a82acfb37a62350066c6d9ec46328e3e59bc5e8b1cb3c78e9617c794a0db920000000006d50028000000000000000000000006f5d378e794f6c02bbf8fcf71cb7bb2fdf17d0f0fea9e5f1f19653c98fe7b7c85ddfba62efebf47e3fd57c1949f399617f3371e9f1fd4f87cbfd9e5c32ff002fcacf2e53dacf2e5bddd5ff00027c7eb55f9bf07d7f97c53f6f9729f8cb98fa3e1fd5a5d4f361affd58f4699f8fa638f8bea7c3e5fecf2e37f1be5d950000000000000000000000000000000000000000000000000000000000000000000000000000000000000000000000000000000000000000000000000000000000000000000000000000000073cfcb8e1f9fe01d12d93bba78fea3eb31f163bcf298efa9eebc5e5fd57c5aff00878659e5ff00a857d6be7c671375e6f3fd763e2c6e596726bfd33baf8be4faff00a8f26ff74c67fe98f35b6dddbba0fa7e5fd5a7fa3c76dfbe55e0f2f9fc9e6cbe59e57f87324002f008680001280a2029b10152af44a080000a08a8a02694000000d801b36009b00ab2a101b810557d5fa3bbfa5c7f1c3bbc5fa7e5ff000acfb57b5cdd0d704e9599c50685340868504153d802e880274a5e80dffb1c26a2ff0010139959cb4dddfd99d6fd2a39ebf359b1d6ff000ceb7ec1cae3c126a69d2e3f94b340e56729a91d78fb31afc031be796bdaea5e749963be812df69f39bd265399273aecfedf40d6379de97dda9e92dd503aab2fdd2734f7a11ad4fb7496f1c44deb9a5bd026f7a32dcbc7b24fdcd5e419cbf6c590b25ed37ec16ce1993e52cf71adadd024bfb4d4ded2705ba941aac5bb9c25bbd9be2035389a62f75abdb3b0285b137c82dbb4da7b4e41293a35ca8acdec6b4504174580922ace94005019ca9776a4e50594e0d2e811a91663aeda82a4eff0bada882748a9c02566dddd356b3ad7209516a02c549c35e85246a24eda90066b5784ec12b9d8e958ca71562578f2e32bfca2deea36e48000000000000000000000000000000000000000000000dcf2658cd4ac02ebb4f37bb8f3f77a3c3f5de5c3531f2e58fe2f31e11317b3ee787f57b38f2f8e653feac6ff00ecf7787eb7c1e6e31ce4bf6cb8afcb6efa749e5bfea9287cafd68fcdf83ebfcbe2e30f2e527fd39731eff17eaf752793c5bfce17ff0063531f54793c7fa8fd3793ff00b9f1bf6ca69e9c73c739bc72994fbcaa8d00000000000000000000000000000000000000000000000000000000000000000000000000000000000000000000000000000000000000000000000000000000000003397931c3bbfe01a1e3f37d7f8fc59fc72b31b7eef3793f53f0c9ff0032e77d4c6685c7d3b9e33bca39dfa89fe996be1793f53f3e77f6fc709f6918f2fd7fd47964972f8fff008f083ebfd4fd6e1e297fab9eaffd38f6f95e7fd47cbe4e3c7ff0f1fb7b78f2cae5776db7ef68a2e59659dde795cafded401000153617b01050040015005a6c045004000000176804545d801b405400596cbb4000501053775a042003704803d7f4396b3ca5eafd9f4a5f4f8ff4f97c7cd2beb61778cacd749e37ed9b355a4cba455955995a04d72a689d0005808a8a02a00558850292d903609adfb62ce5d2fe535feca33dcd3366b8ddff002e966a31799aa231a4fe17e194e25ff09ad5e40d1ad437fe16d067577cc672c396ede4b3ec0e7ab534e9ae19b883153aadf1226b609ed9deede575493407d9769e81177b4be92f66c14a9d9016f4990021ad153d81be4dae934094bf75b0d6c19d2e97e26819b384d3762685422d490052cd1012293a597804699f66e02fe53d9adacc6eb750262e931d333292c9eda14a685974082a6f8412b35765ec192952f62b37b5500545059db7e988dd0435c29412b9e764c6dae9e9c3ea72d61afbac4af201b6dc9000000000000000000000000000000000000000000000000000000166567ba803a4f2e535d378f9ee3ce3bc6fdf1ba700c5dafa7e2fd4fcf8ea4f2fca7db39b7b3c5fabe37fe6f8ecfce3cbe02ccacf750d8fd5f87ea7c3e79ff0fc92fe3dbb3f27879ffeac777ef1eefa7fd4bcf86a4ce678fdb2effdc5cdf1f78787c3faa7833e3c9bf1dfcf5feef6639e39cde194ca7e2ed531a0040000000000000000000000000000000000000000000000000000000000000000000000000000000000000000000000000000000000000000000672f2638f779fb3867f55265f19a975bfdd41e973cbcd863c6f77f0f97f53fa94f1e770e73b3f3c3c7e5fd4bcbe4c6e38e38e12fdbb15f6bc9f53a9779638c9df2f9de6fd4f0c72ca78f1f9dbfeaaf95bb7bb680d6595cb2b965776ddb1b1441150050000fe400badf1d2002a00b500174801000000360a080000000000a080a08a0002028800a8014006a2c66282cbab2beafd367f2f1c7ca7afe8b3d5b8fe52b7c5f4a04e9596989db719b16034828205801be52d4df3cb40449cd36b009c5549541296706f540340025bf8675ae74dd97ee6f5018ff097fc36971fb2a395c37795916ce7bbfe0ea033f1a9f16be53dd25d833ef45e9752009a9ae99b386d018fc27be23a5c79d920396a9a75b225901cf5c27f875b8df4cdc41cf49a74f89f1e446134ddc39decf8833a3e2d7c5a988395c793e35d34031a35c69ad124ee831154f8f1d8acd89235925bab2033ed75a5668265c9ae09f75b41372ce048baf681571c396b1c5a9a940f89a6905346960088a0244bdaed114d729559bd825e535cb5e9010f62eb80469006b19b6e338b40948a404bd3c5f5396f3f8fa8f5e794c25b7a8f9f95f95b6fb6b8c6795445469cc000000000000000000000000000000000000000000000000000000000000140459f8101d279739ef6de1f5170ca5c7787e71ba700c5d7d4f17ea7e7c3fd7339f6ca3dbe2fd5b0bff37c7963f99cc7e7dac73cb1eaa62fcafd578bea3c5e6ff97e4c72fc4bcbabf273cdf7c79fbcaf77d37ea1e7c319acfe78f5acbd7f90cfc7de1e3f0fea3e1f26a67bf1e5f9ebfddeb9659b9773f0ace62800000000000000000000000000000000000000000000000000000000000000000000000000000000000000000000000000097293bb239df34ff4cb903ab197931c7bbfecf379bea3e385cb3cf1c31fe5f2bcdfaa676d9e0c6638fab7b171f5fcbf578e1fdd963e3df5f2f6f2f93f53f07ffddcb2fc631f173cf2cf2f96795cafe5907bfc9faa6772ff0085e3c719ff00ab9af279fcf9fd4793e7e4bcf5c7a730400000002a00000a8bd00080a800a652e3757b45cadb777b010000580806f406836000000035b4a008000002800200000000069404d0a0235b65602ba78b2f87925738a558fb3e1cb78caeaf07d279b78c9bea3db8ddb0e8b624e1af400b100504df20967269aec04d07f0026951400f49cec1781366c14004534402c97d39d96c75a979071f8a59a9a75b18e7dc518fdd179abd022722a5dfd8175c22de93d82e935f65ebf25fe0134693df2d031ae55a675f704f6ba244bc01a66b46e480cfa34a96022694b413a4b56de59df20258a5bc032cdb17b4d404b78e1377db7306e62839cef895d71c7eed49a5d0acf0a6b4001ec9000e8019bcb4cdfe00ba9625d55d25fc2097f08a515129404f6d2550346b9501a8a8d681012dd4b6f501e6fabcf5278fdf75e56bc99df26772bed96e395bb440540000000000000000000000000000000000000000000000000000000000000005da000000a802ec97f9401d31f2e53dee7d9e9f07d5e5e3bff0f3b87e37c3c6262ebed78bf55f24e33c71cff8e2bd9e2fd47c19ea656f8eff00ea7e67776de3e5cf19adee7e4c3e3f5b32994dcb2cfbc57e6fe93eafc985fdb9cc72fb7aafadf4ff00a9619d98f9a7f4f2fbfa34c7b849665372cb3ef15500000000000000000000000000000000000000000000000000000000000000000000000000000000000672cf1c7fbac80d0e3979ff00e99bfcbc5f53f5fe3f15d7933f965adfc71171efcbcb8e3c4e6fe1e5f3fd6e1e2ff99e4987e276f93f51fa8793cd8dc31c678f1bdebbaf1fbdd07d4f2feab8ccbfe1f8ae53ef95793cff005be6f3ea5bf093d62f3286a737bb68020000001b2a2ec002820000bb3608ba00045045400000000028289140434000000000000004005400014114000008200a800b53dad4058a92aa8e9e2cfe393eaf873f9e31f1debfa5f37c6c9e98ae9c7ec7d319c32994e1b88a805054f698fe541619700040f4025e92345bb0233ae54a01a00276a85b4009c9bd01522ee500a966d7b2039dc138eabaa5c67a073911bb2b374a89a97bed39eb4d6aa01da69a283177f65f4be9009d1a3676022ed01349a5acdbc82f426f65e012a44b49416b9d6ad4d016ea33db522e8186a4ad4c6373a45624d35228001a02aed276d50674bad2f4809622a5a016a5440b4900138e59b785a82a7a17480348a08de2cb73880ba3d8017a79beafc9ac6613bbdff0f4f1efa9cd7cdf2e7f3f25cbd7a59359e5723151534db980000000000000000000000000000000000000000000000000000000000000000000000000028800a800a6c01d7c7e6f8cf8e53e58ff00e1c6a8b2e3dbe0facbe2cafc3c99613d7b95f4bc1fa9cba9e5c78ffab17c059959d5b10dfd7eb7c7e4c3cb8ccb0ca652fd9b7e63e9fea6f8f9c73b8672f73dbea783f54e663e6c77ff00ab1fff004699f8fa639f8bcfe3f2cdf8f3997e3dba2a000000000000000000000000000000000000000000000000000000000000000000000025b27774e7979a758cdd07573cbcd8ceb9fe1e3fa8facf1f8e5feaf925bff4e35f2fcffa8f97c975e2df8f19d6bb15f5bea3ebb0f15d7933f8fe31e6be7f97f55b659e1c357feacf97cdcadcadcb2b6dbee93a077f2fd77d4796cdf92e3af58f0e1dddaebd9b1117d276006cd80000542d500401440150000005b1228053480b11404050400150015000000000050400000000000005000010000000500002a2808b1006a358df8de1852acafa1f4be5e64b7b7ba3e3787c9f1ca3eaf8b2f963b61d5d401000054580454abb02b32340322a50274a8a026f69cecfc83506665f85d802f6800008435c2c0369a94019b8d88d9740e76272ddc7f2cdc6a8c8babd54d68129f65d6d34026cd00251202745bc2d89afb406491b986ff0dfc340e3f1dafc6d74f8c340c4c39e4f8cd354f48249a5f454d00ba49db5e8102706b7dd03daec3a04b784d948082a01a40dfa044dad9c33ad202554bdec008a08d4340ab3b6924504a6cb0dcc65cb2fed9cd11c3eb3c9f1c278e77977f88f135e4cef93c99677bacb7239dbb41054000000000000000000000000000000000000000000000000000000000000000000000000000000000080055401445046a67949a96c8803bf8bea6e364cbd7594ee3e9787f52f261a99d9e4c7f3797c613175fa9f0fd678bcd7532f8e5ff4e5dbd0fc961e5cb0bf79f97d5fa5fd433c719bbfd4f1fe7b819be3ec0e5e1f3f8fcf8efc794fccf71d5500000000000000000000000000000000000000000000000000000000000ea72e1e4f3ea5f8f127faa83b659e38cfdd74e1e5fa9f8e372fedc67fab27caf3fea937ff00071f95ff00ab2e9e1f2fd479bcfc793c96cfb7a15f47c9faaf8ade31cf3bf9e1e2fa8facf2f9ef7f0c7fe9c6f0f3a0006c4010140040a001174086c202a6c50400150000014de9005da0a087b000000000005400000054000000000000000000016200a8000001a5011500366c00000000db4c9b06a5b2ee3ddf4de7f8eb1bd5bb785ac32f8d4adf1afb78ddcdce9a793e9bcd2cd5bfc3d73f0cb756179a8bbd088b2960076000a8a0699d72aa09ad053d0200094859b340a25dc9c006f9567da82886efb049da8000020a8026a3480cdc59b38744073c65b8ed662d706c19b8f04c6694d027c616454a015128055d258096708a01a11650341ecf60050174cd2d2ce0045012255b52826c58cef902a2ded904b45a901422f402e311b9d207b50a095e3fabf2ccaff4f1bfb71eefdebb7d4f97fa586b1fefcbfed1e06a46795fe0034c2000000000000000000000000000000000000000000000000000000000000000000000000000000000000000000000a200a200ab8e570bbc6d95007abc7f57f1bbd5c72f5717d5fa4fd4be58cfeaf33af94ffddf01bf1f933f1dde19693177f5facc73c73c6658d965eac69f0be8feaf39bcb0babef1bd57d8f079f0f3e3bc78bee5ee2963a8020000000000000000000000000000000000000000000000000ce79e384e6f3f673f279e4e31e6fbbea3e5fd5fea1f0cae3e3b33cbde5ea03d7f55f558f8f1b9796c93d63eebe2f9feabcdf517f7e77e3bdcc639e79e59e5f2cedcb2beeb3b141369b114003609401404545d01be136002ed36500000000090017480000000000000a8000000002a000000000000000000000000000000101400129b0000005d02280080000046b6ccab01dbc5e4f859cf55f53c3e599c9ae7f2f8dfc3bf83cd96394fc7fdd9b1b977d7d8ec71f179265eff00c3b2342a2ca0a17a2006d0000f60a86cd8163371bf7694199346d6a500d1d80cde09553a050d9b140d9b10000400114011ae12c80c9a6aa0225e9a4e28327a68a0cce8f4bd74968214df0026d9db5a4d0259b8b26800d800140088a6c129b2a00814190a9b02a2b2029a5d0276d4fba69a90091a34a0959cb3c7c78dcf2ea7afbb5dfbd3c1f53e7feae7ac7fb2750912dc72f2677c99dcef76b2236e6a2000000000000000000000000000000000000000000000000000000000000000000000000000000000000000000000000000002a00a200b2eba7bfe9beab9c6ccae3e49c6df3d65b2f02cafd3fd37d663e5fd99eb1f27fdaff000f53f2de0fa8f8df8e7d7dfecfaff49fa86e4c7c97e58ffd5f6fe431f4849659b9ccaa200000000000000000000000000000000000000000017a797ea3ea71c31b72ce638cff007bfc33f55f55e3f1cfdf97c70ffcbe0fd4f9f2fa9f2fcf2ea713f815bfaafabcfea3c97e36e387524af3f474511360001ece80289a005a80a6d0028a800002a00a800a8001b000000000000000005f48000000000000007a0000000000000000405000000001440000005041500000000140416202b53b616507a7c1e6b8e5df31f4bc5e59947c59797a7c3e7b8fbfe59b1d25d7d623978bcb339f9f6ea8a34801b0d000000002fa4004aa50480025fc228082b36720bec255d822a002a25e282aa0000081612009c16202da90f46f802ea54efd2f1ed3609a3a4d9b940b526fda9c0a216801b35f7040bd701b04e4d8402a1ed280868a0896952807b005213859015a909385d822fa4ae3f53e6fe8e3a9fdf67fb095cfeafcda9fd3c6cffd5ffe9e32f23518b74405400000000000000000000000000000000000000000000000000000000000000000000000000000000000000000000000000000000000000058e9e1f2df165bee5ee39283ecfd0fd6dc71df37c7d59ff4bebe394cf19963772f55f93f0f972f165c757b8fa9f49f59709f2c79c2f78ec5f5f6463c7e4c3cb84cb0bb8d880000000000000000000000000000000000265663376ea02bcde6f34b8dfdd2613bcab8fd5fd6f8fc73f7dfe31f75f17ea7eab3fa8cb797edc6758c171bfaff003e3e7f34be3b6e18cd7db979574085e50000405e425405d1b4340a9b0000000000000000005868100000035c01b00000000000000141000000000000000000000000000000000000014101600200000000000a080a8000a5025db52eba614371e9f0f9ae3773fd9f47c5e69e49f6bf97c6974f4787cd71bc6bfcfb66c749cb5f5d5e7f0f9a6724963bca8ad1b4d80d212a83345a01a45ed00000d20a0cac004b116ecdfdc19d68df2d65d33a05100037c100daed366c0454b7900dd5402a2ed00bc22b3b054f41e81349d282a0b652404f6a8086f84daa0289b00b515280955280cdaacfb0134a6c0d11627b03badc8cc8d03510db979fcf3c3353fbfd4fb09abe7f34f0e3c6ae77a9f6fcbe76595cb2b965776fb32cae595b95ddbed96a462dd54aa8a8000000000000000000000000000000000000000000000000000000000000000000000000000000000000000000000000000000000000000000000ad78fc9978f2f962c283e8fd27d6d996e59867efed5f6be9fea31f3cfb673bc5f947b7e97eab299e32db329d65057e9070fa5fa8c7cf87db39dc7710000000000000000000000000000063c9e4984df77d405cf3984e7bf51e0faafadf1f8b9f265bbeb08f2feabe5ca7c7fe25995ee4af97bb6eef368ae9e7f365e7f365e4caf7d4fb472f65208720000000022ed00000000000000000000000000000000000000000000000000000000000000000000000000000000000000000016008000000282000000000be800400162cb65e195d83bf8fcbab3eefa1e1f3cf24d5b373d3e46dd7c7e4b2f3dfdd9b3f1b975f6a569e2f07d4ef8cb8beabd58e5b88d361dc0176200bb4b5749a059d21a00d6d3958504000bd245a02581404d84013459a004d7e45ecf609b1ad320914d1c81a4d9c9ad02517b3409514d033bab1749a0054a2b29b693401a010e0a0088202b2bbe1012de435ec8090d2820bd548d5e201e8bd13f9797ea3ea67f678eff00392e17e2f97ea261b98f39ff00e1e4b6dbbb77505918b7404daa00000000000000000000000000000000000000000000000000000000000000000000000000000000000000000000000000000000000000000000000000029d2283e87d27d55994b38f263ff77ddf079b1f378fe53beacfb57e4e5b8d967163ea7d17d5dc6cce7f19622bee0ce194cf19963772f31a100000000000000000000000673ca613740cf39863baf97fa8fd65f0e3a967f532f5f68d7d77d6cf0cdf19792f131fb3e2f933cbcb9dcf3bbcaf740cf3cbc99dcb3b6e57dd4244a0979548a0a8006d2f6697608a800000000000000000bb4000000000000001140000000a00000000000000000000000000000007a0000000000000000000000000058020b5000000000015000000176802a00e9867abf87b3c5f5167778781ac72b8a58dcb8fb58793e5edd36f93e2f35c6ee5e3dc7b7c1f5133925fdb7f965a7a563332daec1a040540f601b0038340088a008a8026950105a9b0380d720272a54e4152dd4d8506776ad20022d4066de56de17496720b0390100042aa76085536089b5da02214041500ee9bd0967221dac8437d81d2659cc71f965753ff002e5e5f3e3e3ffd597dbd3c9e4f265e4bbcaff11a912dc6fcde7be4b64dcc3d4713676ac08000000000000000000000000000000000000000000000000000000000000000000000000000000000000000000000000000000000000000000000000000000002a280df8bc97c59ee7f96007ddfd3feaa63ac77fb32fbfaafa8fcafd379be17e195fdb6f7f67dff00a2fa8f9e3fd3cefefc7abf782d7ac0100000000000000000673ce638ee819e5309bb5f3feb7eaffa38cceeae76eb1c59fadfae9e1bce3f2cb2ea6f88f8de6f2e7e6f25f2677795fb0a9e4cf2f27932cf2feecaeea6b845117d6d9ad7cbf6dc58016a45002a01b00054a000000000007b00000000014105400000003422800000000002a000000a080000000000001400000fe40000115140000000000000000178400005a8000000000000000000000000a80b2d75c3c9bbcb8862cb8fa5e3fa9b3fba5b1eac3cb8e537b7c6c73b1dbc5e6d7bac6637b2beb4ad3c7e3f3f536f463e4dd15d36acec9446b7c26c05361d1b0036500400a8d44a0ca9a00d068048ba100d7068d80cf54decbd9004b36b780000139d8bb013475d96a008b786681b134bb04bdb3b5da50025405657697210d8cdca496e5648e1e4faa9d613fcd5c35df3f26384de574f2f97ea72cb731e238e595caeeddd45c66dd101590000000000000000000000000000000000000000000000000000000000000000000000000000000000000000000000000000000000000000000000000000000000000d801b0015ebfa4f3e52e38cbacb1bbc6bc8b8db2ee5d0b1faafa6f3cf3f8f7d6538ca3b3e07d1fd55971cb1bfbe7167fd51f6fc3e5c3cde3f9e178ffc058e800800000000003396531c7740cf2984dd7cefaefabcbc1265ade797f6cbe8fd43eabfa585bf29fd4ca7ed9f6fcbe2f93cbe4f2e5bf26772bf9a29e4cf2f25b9677795f6c6b95045e112805a90a02a6d4d01a4a000a800000a800000000000000000000000000006c450000000000000000000000054000000d800000000000022a28000000000000000000000000000000000000000000000040053d228212d8a80e98796e3fc3d3e3f3ee70f12f49635393ea63e6fbd76c7cb2cdbe4e3e6ca5e798ed8f9e5f7a66fc6a58fa9f39aecdbc58f97fcbae3e6ff00715e9d8e33c92b73280d92ed3e53eeb282a6c4d8349d9b40544360a9761b025a1b4d8284012f49ced6f06c1341c80bb66de57b40102d000d8268a96a7354361b8972fb2097842e4c659681ada5cb51c73f3638cef77ece39fd46566a4d2e25af4df249cdb24fcb867f5139f8cff35e7b6dbbb762e33ad659e59ff7564456550000000000000000000000000000000000000000000000000000000000000000000000000000000000000000000000000002800000000000000000000000000000000000000000000b11602e395c32994ee3ea7d17d55c2fcf09b9feac5f2971cae3778db3f8163f5d8678f93099e3772b4f91fa7fd57c75f2b7e19f7f8bf77d7100000000012d926efa7cff00adfacc7c33e59eedbfdb8cff00dddfeabcf86185cb3bff000f1eff002fcf7d479b2f3f96e7789d49f682b3e5f265e6f25cf3bbb5945100a80142822a00b5152f60a80001b020000000000000001e8011400000000000000122800000000001a000000000000000000000000000000000000000000000000000000000000015000000000000000000000000000000001bc7c9963d64dcfa8cbdc8e26d3176bd587d44df3c3be3e697aaf9cb2d9d5d18d767d49e5d76d4f2be763e6ca77cb78f9e7dac4c5963e8cf26daf9ee3c38f9b1bfea749e5457ae666e7dde59e45fea83d5b37b79bfab7eed4f27de83b95cbfa913fa80ea39fce7dcf9c80e831f287ce03431f3913e60e9bfb24fcb1f34be4a0e96c36e7f3e13e60eb6a6dcae7b4b903ada9b8e5f34be480eb724b9bcf979f19dd72cbea7fe99fe44d8f55cdcf3f2e38cb6d9fc3c797972cbbcab0b8cf67a32fa8fb4bfe5c72cf2cef2c8d2682022a000000000000000000000000000000000000000000000000000000000000000000000000000000000000000000000000000000000000000000000000000000000000000000000000000000000a803bf83cb71bf0ff4e57dbeff00d079fe58ff004b3bfbb1eafde3f34f77d27d4e532c67faf1e65fb8afd18c787c93cbe399e3d5ff00b3620000e5e7f27c71d4bcff00e2379e730c775f1ff52fabb8637c78d973ce737fe980f2fd7fd5cf3d98617f64bdfdebc6280080000014115005a8a0020028802a00000000000000000000000000a8000009140000000000000000000000003d800000000000000000017a00000000000000000000004050405000000000000000034000000000000052000000000245000058b33ca757a640d759e7ca7e57ff0088bf68e22635d9e89f513ed5a9e7c6fe1e50c3b3d93c98deac6be7f9785776756c4eabd9ee9e4e367f579787e57ef4f95fbd3a9d9eff00eaa7f51e199e53dd5f9e5f7a755ecf6ff53f27cebc3f2bf7a7cafde9d4ecf77f53f09fd4d3c5f3cbef4b6deeda62767aff00ab3de47f5f19ede4da2e2767aefd4633eece5f53f69feef3061dabadfa8cff0011cee596579b6a0a9a2554a20000a800000000000000000000000000000000000000000000000000000000000000000000000000000000000000000000000000000000000000000000000000000000000000000000000000000000000000000d6395c329963dc6407defd3bea3594c77fb7c9ccfe5f51f95fa6f2e58df8ce79e3f97e97e9bcd3cde1c72f7d59f916ba8023c5f53e6f878f3f2fac271bf75f9dcb2b9e572caeede5ecfd43eae7d4793e3e3b7fa78ff00defdde3d68500d8822a005ec002afa4a08bb400a29e80da0002a000000002a7b000000000800550400000000000136a914036000000000a800000000000a8000000000000000000002028000000000009b5000000101410140a00000000000000000009ed4000000405000000001228000006c4036a9140000040500000004036a8a00202ed36006c002140000000000000000000000000000000000000000000000000000000000000000000000000000000000000000000000000000000000000000000000000000000000000000000000000000000000000000000000000171b71bb8fb5fa67d44c72c6758f938fe2be23bfd37932997c37c5ebf1458fd58e3f4be6feb7831caff0074e2ff00208fcba2de900454000a00202a58a50403402a00bb4000001768000000000000000000000000000000024548a00000000000000000000b22000000000002dd7a4000000000000000000000000000000000001360a0020a000000000000000000000000000000009ed53d8280000022a011400000454050000010001514000100015174082a50000000000000000000000000000000000000000000000000000000000000000000000000000000000000000000000000000000000000000000000000000000000000000000000000000000000000000000000000165d5401f6bf4dfa9f8f93f7718653efee0f9ff4b9778eff003046f37eb8202b0000581b00a8a80a545a08a802e917680a8000002a007b00000000000000000000000000000122a4500000000d000000000000000000000500000000000000114000000000000000000000000004504140114000000a0040000000000000000000012a82280000250a02800000800288028008000a8a022a5000000054000000000000000000000000000000000000000000000000000000000000000000000000000000000000000000000000000000000000000000000000000000000000000000000000000000000000000000000000000006a5d5d8cc01bd2000746c0450045d15014a8a0800000004000000000000d000000000000000000000000024548a000000000000000000000002db35ad7f9040000000000000000004540500009c0000000000000008a000008a05e800114004501001440036a002280200a000000002554aa000000095749405000001000534000008000a8a022808000001d845040000000000000000000000000000000000000000000000000000000000000000000000000000000000000000000000000000000000000000000000000000000000000000000000000000000000000000000000000008003400228002746c0001515200a9d0000000000000000000000000000000002e8100000d800000000000000000000000000000000000000000000000008a680d8680000000000000000000000045011400002a2d40511412800000000bb10d8289b50366d005d88403469400000a141000161a000010d06c054500004000545012aa500000002155282a0000000000000000000000000000000000000000000000000000000000000000000000000000000000000000000000000000000000000000000000000000000000000000000000000000000000000000000000000000035ec000a0040e8d81b2a69760080000141410000000000000000000000000000d800068000058801ec2800000000000000000000000000000000000000000005e915014000000000000000004500114045a008a26800d1a050a80a200a8bb40150000051176082ed000014401505d808a74080a08a0008bb0045041404aa8028802a28082a028802a000000000000000000000000000000000000000000000000000000000000000000000000000000000000000000000000000000000000000000000000000000000000000000000000000000000000000000000000000000000000002a9d008a200a201b001505a081e80017d0200000000000000000000000000000000000000005480a000000000000000000000000000001d800000020280000000000008a000000000000082808a14136a2028202a0029a3d2405d02010a00000288002820000000400150036a022fa40000000153600000000a0806c000000000000000000000000000000000000000000000000000000000000000000000000000000000000000000000000000000000000000000000000000000000000000000000000000000000000000000000000000000000000000000005ed401144036a802d40034b7a4000000000005d71b400000000000000000000000000000000000a41014000000000005da000000000000000000000000000000080a0000002280000000914000000000004500101534a80a8000004540017d202ed34000000a800000000a020a02000000000000000000000000000000000000000000000000000000000000000000000000000000000000000000000000000000000000000000000000000000000000000000000000000000000000000000000000000000000000000000000000000000000000000000a2a6c0152800ba010008a802a50000000000000000000000000000000000000000000000000000000000054000000000000000000000000000e800ec1014450000000000000000000000000105000004d9b05400053600007a400000000000000000000000150015000000000000000000000000000000000000000000000000000000000000000000000000000000000000000000000000000000000000000000000000000000000000000000000000000000000000000000000000000000000000000000000000000000000000006800405010580274a8002ec105f4809151400000000000001627b00000000000176081ec05d25ec01505f4080009540000000000000000000000000000000000000048a0000080288bb0000000000000000010140004d1a05114011404000000005968802a2fa400000000540054d00a8000002a000000000000000000000000000000000000000000000000000000000000000000000000000000000000000000000000000000000000000000000000000000000000000000000000000000000000000000000000000000000000000000000000000000000000000000035b11413a050459748029a40005041404a42800a800000000000000bbd0085000000000005d200100000012a800000000000000000000000000000000000000000000008ba48a0520000001d800008a8b400880a9b5a80a200a800ba348a08ba00405041404540015000000504150036a80bda000000000000000000000000000000000000000000000000000000000000000000000000000000000000000000000000000000000000000000000000000000000000000000000000000000000000000000000000000000000000000000000000000000000000000000000000003482e804000000005417408a800000000000000000000000000000000000000000000000000000000000000000000000000000000000002280000228000000000000006cd200a8a009b360a81d8126cd2809a513606850105d1a020008b116020ba40000342809a0d80000000000000000000000000000000000000000000000000000000000000000000000000000000000000000000000000000000000000000000000000000000000000000000000000000000000000000000000000000000000000000000000000000000000000000000000000000000d1b400545004d2808002a000002554a0a0000000000000000000000000000000000000000022801eca0000000000000000028800000000000000008a000008a9405000000000134a00268144500366c0454054176082808b0a4045a008a9a00588b0043400000000000000000000000000000000000000000000000000000000000000000000000000000000000000000000000000000000000000000000000000000000000000000000000000000000000000000000000000000000000000000000000000000000000000000000000000000000000000002af4201daa28080000000000007a01151400000000000000000000005400000000000000001153da802cd7b4000000000000000000000000d000000000026d40045012aa5014000000101400010144503468004141050045010540014136a200b1141362a00000000000000000000000000000000000000000000000000000000000000000000000000000000000000000000000000000000000000000000000000000000000000000000000000000000000000000000000000000000000000000000000000000000000000000000000000000000000000002ac45802040542802f490a00002ed00000282405000050400000005f408000000000000000000001a15000276005ec00bc0b41000000000000000000048a01e8280113d828520009014004aa95400000000001228010a08a4013469404d1a50045400005da001b54202a157d0202c036800000000000000000000000000000000000000000000000000000000000000000000000000000000000000000000000000000000000000000000000000000000000000000000000000000000000000000000000000000000000000000000000000000000000000000000000000000000000000000fffd9, 'image/jpeg', 'hungary', '36', '', 'Tótkomlós', '5940', 'nagy.renato@keri.mako.hu', 'nagy.renato@keri.mako.hu', '$2y$10$ZbYuaGwd4bMwhgD.C2/RT./lcthTxBQQreACH6uAFHSk2GVmI6BJa', '2023-10-30 13:14:48', '66c0b1af9bad395c8531e3550c7927bd', NULL, '2024-01-10 21:56:28', '2024-01-16 05:04:30', 0, 1, '');

-- --------------------------------------------------------

--
-- Tábla szerkezet ehhez a táblához `user_plans`
--

CREATE TABLE `user_plans` (
  `id` int(11) NOT NULL,
  `user_id` int(11) NOT NULL,
  `termek_id` int(11) NOT NULL,
  `ar_forint` int(11) NOT NULL,
  `expire` date NOT NULL
) ENGINE=InnoDB DEFAULT CHARSET=utf8mb4 COLLATE=utf8mb4_general_ci;

--
-- A tábla adatainak kiíratása `user_plans`
--

INSERT INTO `user_plans` (`id`, `user_id`, `termek_id`, `ar_forint`, `expire`) VALUES
(1, 1, 3, 18000, '2024-06-20'),
(2, 1, 1, 5000, '2024-02-20'),
(3, 1, 2, 9000, '2024-03-20'),
(4, 1, 3, 18000, '2024-06-20'),
(5, 1, 1, 5000, '2024-02-20'),
(6, 2, 2, 9000, '2024-03-30'),
(7, 2, 1, 5000, '2024-03-01'),
(8, 2, 3, 18000, '2024-07-14'),
(9, 2, 3, 18000, '2024-07-14'),
(10, 2, 1, 5000, '2024-03-14');

-- --------------------------------------------------------

--
-- Tábla szerkezet ehhez a táblához `vasarlasok`
--

CREATE TABLE `vasarlasok` (
  `vasarlas_id` int(11) NOT NULL,
  `user_id` int(10) UNSIGNED NOT NULL,
  `datum` datetime NOT NULL
) ENGINE=InnoDB DEFAULT CHARSET=utf8mb4 COLLATE=utf8mb4_general_ci;

--
-- A tábla adatainak kiíratása `vasarlasok`
--

INSERT INTO `vasarlasok` (`vasarlas_id`, `user_id`, `datum`) VALUES
(1, 1, '2023-12-12 19:03:21'),
(2, 1, '2023-12-12 19:31:20'),
(3, 2, '2023-12-19 16:36:50'),
(4, 2, '2023-12-19 16:37:19'),
(5, 2, '2023-12-19 16:54:49'),
(6, 2, '2023-12-19 17:36:11'),
(7, 2, '2023-12-19 17:36:42'),
(8, 2, '2023-12-19 17:47:30'),
(9, 1, '2023-12-20 16:50:37'),
(10, 1, '2023-12-20 19:15:58'),
(11, 1, '2023-12-20 19:19:17'),
(12, 1, '2023-12-20 19:23:14'),
(13, 1, '2023-12-20 19:24:52'),
(14, 1, '2023-12-20 19:25:58'),
(15, 1, '2023-12-20 19:27:20'),
(16, 1, '2023-12-20 19:30:27'),
(17, 1, '2023-12-20 19:32:38'),
(18, 2, '2023-12-30 23:08:27'),
(19, 2, '2024-01-02 22:32:24'),
(20, 2, '2024-01-03 01:02:33'),
(21, 2, '2024-01-09 01:49:29'),
(22, 2, '2024-01-09 02:02:33'),
(23, 2, '2024-01-13 18:33:24'),
(24, 2, '2024-01-13 18:33:52'),
(25, 2, '2024-01-13 18:34:18'),
(26, 2, '2024-01-13 18:34:24'),
(27, 2, '2024-01-13 18:43:48'),
(28, 2, '2024-01-13 18:45:21'),
(29, 2, '2024-01-14 02:18:33'),
(30, 2, '2024-01-14 10:48:16'),
(31, 2, '2024-01-14 10:52:45'),
(32, 2, '2024-01-14 10:53:32'),
(33, 2, '2024-01-14 10:53:55'),
(34, 2, '2024-01-14 10:54:25'),
(35, 2, '2024-01-14 10:55:31'),
(36, 2, '2024-01-14 10:58:18'),
(37, 2, '2024-01-14 11:00:13'),
(38, 2, '2024-01-14 11:01:14'),
(39, 2, '2024-01-14 11:04:23'),
(40, 2, '2024-01-14 11:05:33'),
(41, 2, '2024-01-14 11:06:32'),
(42, 2, '2024-01-14 11:07:26'),
(43, 2, '2024-01-14 11:08:44'),
(44, 2, '2024-01-14 11:09:25'),
(45, 2, '2024-01-14 11:11:37'),
(46, 2, '2024-01-14 11:12:50'),
(47, 2, '2024-01-14 11:13:45'),
(48, 2, '2024-01-14 11:14:12'),
(49, 2, '2024-01-14 11:15:58'),
(50, 2, '2024-01-14 11:16:25'),
(51, 2, '2024-01-14 11:16:55'),
(52, 2, '2024-01-14 11:17:02'),
(53, 2, '2024-01-14 11:17:10'),
(54, 2, '2024-01-14 11:17:16'),
(55, 2, '2024-01-14 11:18:31'),
(56, 2, '2024-01-14 11:19:13'),
(57, 2, '2024-01-14 11:20:29'),
(58, 2, '2024-01-14 11:20:53'),
(59, 2, '2024-01-14 11:21:09'),
(60, 2, '2024-01-14 11:21:18'),
(61, 2, '2024-01-14 11:22:08'),
(62, 2, '2024-01-14 11:23:24'),
(63, 2, '2024-01-14 11:23:30'),
(64, 2, '2024-01-14 11:24:59'),
(65, 2, '2024-01-14 11:26:36'),
(66, 2, '2024-01-14 11:28:48'),
(67, 2, '2024-01-14 11:28:58'),
(68, 2, '2024-01-14 11:29:22'),
(69, 2, '2024-01-14 11:29:59'),
(70, 2, '2024-01-14 11:30:07'),
(71, 2, '2024-01-14 11:30:18'),
(72, 2, '2024-01-14 11:31:09'),
(73, 2, '2024-01-14 11:32:31'),
(74, 2, '2024-01-14 11:32:36'),
(75, 2, '2024-01-14 11:32:41'),
(76, 2, '2024-01-14 11:32:46'),
(77, 2, '2024-01-14 11:32:52'),
(78, 2, '2024-01-14 11:33:00'),
(79, 2, '2024-01-14 11:34:14'),
(80, 2, '2024-01-14 11:34:29'),
(81, 2, '2024-01-14 11:35:40'),
(82, 2, '2024-01-14 11:36:54'),
(83, 2, '2024-01-14 11:41:21'),
(84, 2, '2024-01-14 11:42:21'),
(85, 2, '2024-01-14 11:43:59'),
(86, 2, '2024-01-14 11:44:17'),
(87, 2, '2024-01-14 11:48:12'),
(88, 2, '2024-01-15 14:31:42'),
(89, 2, '2024-01-15 17:40:14'),
(90, 2, '2024-01-16 05:09:36');

-- --------------------------------------------------------

--
-- Tábla szerkezet ehhez a táblához `vasarlasok_tetel`
--

CREATE TABLE `vasarlasok_tetel` (
  `tetel_id` int(11) NOT NULL,
  `vasarlas_id` int(11) NOT NULL,
  `termek_id` int(11) NOT NULL,
  `mennyiseg` int(11) NOT NULL,
  `ar_forint` int(11) NOT NULL
) ENGINE=InnoDB DEFAULT CHARSET=utf8mb4 COLLATE=utf8mb4_general_ci;

--
-- A tábla adatainak kiíratása `vasarlasok_tetel`
--

INSERT INTO `vasarlasok_tetel` (`tetel_id`, `vasarlas_id`, `termek_id`, `mennyiseg`, `ar_forint`) VALUES
(1, 1, 1, 3, 2000),
(2, 1, 2, 22, 1800),
(3, 2, 1, 3, 2000),
(4, 2, 4, 2, 2100),
(5, 2, 6, 2, 2150),
(6, 3, 1, 5, 2000),
(7, 4, 1, 4, 2000),
(8, 5, 1, 5, 2000),
(9, 5, 2, 2, 1800),
(10, 6, 2, 7, 1800),
(11, 7, 2, 1, 1800),
(12, 8, 2, 3, 1800),
(13, 8, 1, 5, 2000),
(14, 9, 3, 1, 18000),
(15, 12, 3, 4, 2200),
(16, 12, 2, 4, 1800),
(17, 13, 3, 4, 2200),
(18, 13, 2, 4, 1800),
(19, 14, 3, 4, 2200),
(20, 14, 2, 4, 1800),
(21, 15, 3, 4, 2200),
(22, 15, 2, 4, 1800),
(23, 16, 1, 1, 2000),
(24, 16, 2, 3, 1800),
(25, 16, 6, 1, 2150),
(26, 16, 4, 3, 2100),
(27, 17, 5, 1, 1900),
(28, 18, 3, 11, 2200),
(29, 19, 4, 5, 15000),
(30, 20, 4, 1, 15000),
(31, 21, 3, 3, 12000),
(32, 22, 12, 1, 16000),
(33, 23, 2, 2, 10000),
(34, 24, 2, 4, 10000),
(35, 25, 2, 4, 10000),
(36, 26, 3, 4, 12000),
(37, 27, 3, 3, 12000),
(38, 28, 3, 3, 12000),
(39, 28, 12, 1, 16000),
(40, 29, 3, 1, 12000),
(41, 30, 2, 1, 10000),
(42, 31, 2, 2, 10000),
(43, 32, 2, 1, 10000),
(44, 33, 2, 6, 10000),
(45, 34, 2, 2, 10000),
(46, 35, 2, 4, 10000),
(47, 36, 3, 2, 12000),
(48, 37, 2, 1, 10000),
(49, 37, 3, 1, 12000),
(50, 38, 2, 1, 10000),
(51, 38, 3, 1, 12000),
(52, 39, 3, 1, 12000),
(53, 40, 2, 1, 10000),
(54, 41, 2, 1, 10000),
(55, 41, 1, 1, 8000),
(56, 42, 2, 1, 10000),
(57, 43, 2, 1, 10000),
(58, 44, 3, 1, 12000),
(59, 45, 2, 1, 10000),
(60, 45, 3, 1, 12000),
(61, 46, 2, 1, 10000),
(62, 46, 3, 1, 12000),
(63, 47, 2, 1, 10000),
(64, 47, 3, 1, 12000),
(65, 48, 2, 1, 10000),
(66, 48, 3, 1, 12000),
(67, 49, 2, 1, 10000),
(68, 50, 3, 1, 12000),
(69, 50, 2, 1, 10000),
(70, 51, 2, 1, 10000),
(71, 51, 3, 1, 12000),
(72, 52, 3, 1, 12000),
(73, 53, 3, 1, 12000),
(74, 53, 4, 1, 15000),
(75, 54, 4, 1, 15000),
(76, 54, 3, 1, 12000),
(77, 54, 2, 1, 10000),
(78, 55, 2, 1, 10000),
(79, 55, 3, 1, 12000),
(80, 56, 3, 1, 12000),
(81, 56, 2, 1, 10000),
(82, 57, 3, 1, 12000),
(83, 58, 4, 1, 15000),
(84, 58, 3, 1, 12000),
(85, 59, 4, 1, 15000),
(86, 59, 3, 1, 12000),
(87, 60, 4, 1, 15000),
(88, 60, 3, 1, 12000),
(89, 61, 2, 1, 10000),
(90, 62, 2, 1, 10000),
(91, 63, 3, 1, 12000),
(92, 64, 3, 1, 12000),
(93, 65, 3, 1, 12000),
(94, 66, 3, 1, 12000),
(95, 67, 3, 1, 12000),
(96, 68, 3, 1, 12000),
(97, 69, 2, 1, 10000),
(98, 70, 3, 1, 12000),
(99, 70, 2, 1, 10000),
(100, 71, 4, 1, 15000),
(101, 71, 3, 1, 12000),
(102, 71, 2, 1, 10000),
(103, 72, 3, 1, 12000),
(104, 72, 2, 1, 10000),
(105, 73, 2, 1, 10000),
(106, 73, 3, 1, 12000),
(107, 74, 4, 1, 15000),
(108, 74, 3, 1, 12000),
(109, 75, 4, 1, 15000),
(110, 75, 3, 1, 12000),
(111, 76, 3, 1, 12000),
(112, 77, 4, 2, 15000),
(113, 77, 3, 1, 12000),
(114, 78, 3, 3, 12000),
(115, 78, 4, 1, 15000),
(116, 79, 2, 1, 10000),
(117, 79, 3, 1, 12000),
(118, 80, 2, 1, 10000),
(119, 80, 3, 1, 12000),
(120, 81, 3, 1, 12000),
(121, 81, 2, 1, 10000),
(122, 82, 2, 1, 10000),
(123, 82, 3, 1, 12000),
(124, 83, 3, 3, 12000),
(125, 84, 3, 1, 12000),
(126, 84, 2, 1, 10000),
(127, 85, 2, 1, 10000),
(128, 86, 2, 1, 10000),
(129, 86, 3, 1, 12000),
(130, 87, 2, 1, 10000),
(131, 87, 3, 1, 12000),
(132, 88, 2, 2, 10000),
(133, 88, 3, 2, 12000),
(134, 88, 12, 1, 16000),
(135, 89, 2, 1, 10000),
(136, 90, 3, 1, 12000),
(137, 90, 2, 1, 10000);

--
-- Indexek a kiírt táblákhoz
--

--
-- A tábla indexei `aboutus_text`
--
ALTER TABLE `aboutus_text`
  ADD PRIMARY KEY (`id`);

--
-- A tábla indexei `ecogourmet_services`
--
ALTER TABLE `ecogourmet_services`
  ADD PRIMARY KEY (`id`);

--
-- A tábla indexei `eco_gourmet_awards_achievements`
--
ALTER TABLE `eco_gourmet_awards_achievements`
  ADD PRIMARY KEY (`id`);

--
-- A tábla indexei `faqs`
--
ALTER TABLE `faqs`
  ADD PRIMARY KEY (`id`);

--
-- A tábla indexei `recipes`
--
ALTER TABLE `recipes`
  ADD PRIMARY KEY (`id`);

--
-- A tábla indexei `subscription_plans`
--
ALTER TABLE `subscription_plans`
  ADD PRIMARY KEY (`termek_id`);

--
-- A tábla indexei `termek`
--
ALTER TABLE `termek`
  ADD PRIMARY KEY (`termek_id`);

--
-- A tábla indexei `testimonials`
--
ALTER TABLE `testimonials`
  ADD PRIMARY KEY (`id`);

--
-- A tábla indexei `type`
--
ALTER TABLE `type`
  ADD PRIMARY KEY (`type`,`id`) USING BTREE;

--
-- A tábla indexei `user`
--
ALTER TABLE `user`
  ADD PRIMARY KEY (`id`),
  ADD UNIQUE KEY `email` (`email`) USING BTREE;

--
-- A tábla indexei `user_plans`
--
ALTER TABLE `user_plans`
  ADD PRIMARY KEY (`id`);

--
-- A tábla indexei `vasarlasok`
--
ALTER TABLE `vasarlasok`
  ADD PRIMARY KEY (`vasarlas_id`),
  ADD KEY `user_id` (`user_id`);

--
-- A tábla indexei `vasarlasok_tetel`
--
ALTER TABLE `vasarlasok_tetel`
  ADD PRIMARY KEY (`tetel_id`);

--
-- A kiírt táblák AUTO_INCREMENT értéke
--

--
-- AUTO_INCREMENT a táblához `aboutus_text`
--
ALTER TABLE `aboutus_text`
  MODIFY `id` int(11) NOT NULL AUTO_INCREMENT, AUTO_INCREMENT=10;

--
-- AUTO_INCREMENT a táblához `ecogourmet_services`
--
ALTER TABLE `ecogourmet_services`
  MODIFY `id` int(11) NOT NULL AUTO_INCREMENT, AUTO_INCREMENT=5;

--
-- AUTO_INCREMENT a táblához `eco_gourmet_awards_achievements`
--
ALTER TABLE `eco_gourmet_awards_achievements`
  MODIFY `id` int(11) NOT NULL AUTO_INCREMENT, AUTO_INCREMENT=7;

--
-- AUTO_INCREMENT a táblához `faqs`
--
ALTER TABLE `faqs`
  MODIFY `id` int(11) NOT NULL AUTO_INCREMENT, AUTO_INCREMENT=7;

--
-- AUTO_INCREMENT a táblához `recipes`
--
ALTER TABLE `recipes`
  MODIFY `id` int(11) NOT NULL AUTO_INCREMENT, AUTO_INCREMENT=10;

--
-- AUTO_INCREMENT a táblához `subscription_plans`
--
ALTER TABLE `subscription_plans`
  MODIFY `termek_id` int(11) NOT NULL AUTO_INCREMENT, AUTO_INCREMENT=6;

--
-- AUTO_INCREMENT a táblához `termek`
--
ALTER TABLE `termek`
  MODIFY `termek_id` int(11) NOT NULL AUTO_INCREMENT, AUTO_INCREMENT=108;

--
-- AUTO_INCREMENT a táblához `testimonials`
--
ALTER TABLE `testimonials`
  MODIFY `id` int(11) NOT NULL AUTO_INCREMENT, AUTO_INCREMENT=7;

--
-- AUTO_INCREMENT a táblához `user`
--
ALTER TABLE `user`
  MODIFY `id` int(10) UNSIGNED NOT NULL AUTO_INCREMENT, AUTO_INCREMENT=3;

--
-- AUTO_INCREMENT a táblához `user_plans`
--
ALTER TABLE `user_plans`
  MODIFY `id` int(11) NOT NULL AUTO_INCREMENT, AUTO_INCREMENT=11;

--
-- AUTO_INCREMENT a táblához `vasarlasok`
--
ALTER TABLE `vasarlasok`
  MODIFY `vasarlas_id` int(11) NOT NULL AUTO_INCREMENT, AUTO_INCREMENT=91;

--
-- AUTO_INCREMENT a táblához `vasarlasok_tetel`
--
ALTER TABLE `vasarlasok_tetel`
  MODIFY `tetel_id` int(11) NOT NULL AUTO_INCREMENT, AUTO_INCREMENT=138;

--
-- Megkötések a kiírt táblákhoz
--

--
-- Megkötések a táblához `vasarlasok`
--
ALTER TABLE `vasarlasok`
  ADD CONSTRAINT `vasarlasok_ibfk_1` FOREIGN KEY (`user_id`) REFERENCES `user` (`id`);
COMMIT;

/*!40101 SET CHARACTER_SET_CLIENT=@OLD_CHARACTER_SET_CLIENT */;
/*!40101 SET CHARACTER_SET_RESULTS=@OLD_CHARACTER_SET_RESULTS */;
/*!40101 SET COLLATION_CONNECTION=@OLD_COLLATION_CONNECTION */;
